Time,Community size,Prob_rest,Prob_graze,Prob_walk,DTW_score
2019/10/15 9:00,,,,,
2019/10/15 9:05,,,,,
2019/10/15 9:10,,,,,
2019/10/15 9:15,,,,,
2019/10/15 9:20,,,,,
2019/10/15 9:25,,,,,
2019/10/15 9:30,,,,,
2019/10/15 9:35,,,,,
2019/10/15 9:40,,,,,
2019/10/15 9:45,,,,,
2019/10/15 9:50,,,,,
2019/10/15 9:55,,,,,
2019/10/15 10:00,,,,,
2019/10/15 10:05,,,,,
2019/10/15 10:10,,,,,
2019/10/15 10:15,,,,,
2019/10/15 10:20,,,,,
2019/10/15 10:25,,,,,
2019/10/15 10:30,,,,,
2019/10/15 10:35,,,,,
2019/10/15 10:40,,,,,
2019/10/15 10:45,,,,,
2019/10/15 10:50,,,,,
2019/10/15 10:55,,,,,
2019/10/15 11:00,,,,,
2019/10/15 11:05,,,,,
2019/10/15 11:10,,,,,
2019/10/15 11:15,,,,,
2019/10/15 11:20,,,,,
2019/10/15 11:25,,,,,
2019/10/15 11:30,,,,,
2019/10/15 11:35,,,,,
2019/10/15 11:40,,,,,
2019/10/15 11:45,,,,,
2019/10/15 11:50,,,,,
2019/10/15 11:55,,,,,
2019/10/15 12:00,,,,,
2019/10/15 12:05,,,,,
2019/10/15 12:10,,,,,
2019/10/15 12:15,,,,,
2019/10/15 12:20,,,,,
2019/10/15 12:25,,,,,
2019/10/15 12:30,3,0,60,0,0.025
2019/10/15 12:35,7,11,49,0,0.128571429
2019/10/15 12:40,7,48,12,0,0.409722222
2019/10/15 12:45,3,0,60,0,0
2019/10/15 12:50,5,0,44,16,0.147916667
2019/10/15 12:55,9,0,60,0,0.016666667
2019/10/15 13:00,2,0,60,0,0.0375
2019/10/15 13:05,4,0,60,0,0.210416667
2019/10/15 13:10,5,0,49,11,0.158333333
2019/10/15 13:15,4,0,48,12,0.191666667
2019/10/15 13:20,1,0,60,0,0.208333333
2019/10/15 13:25,2,0,39,21,0.104166667
2019/10/15 13:30,1,0,44,16,0.166666667
2019/10/15 13:35,1,1,41,18,0.158333333
2019/10/15 13:40,1,53,7,0,0.275
2019/10/15 13:45,1,51,9,0,0.183333333
2019/10/15 13:50,1,57,3,0,0.108333333
2019/10/15 13:55,3,29,31,0,0.411111111
2019/10/15 14:00,1,5,8,47,nan
2019/10/15 14:05,7,6,12,42,0.39047619
2019/10/15 14:10,5,0,43,17,0.193333333
2019/10/15 14:15,6,1,50,9,0.105555556
2019/10/15 14:20,6,0,60,0,0.095833333
2019/10/15 14:25,4,0,60,0,0.075
2019/10/15 14:30,4,9,40,11,0.160416667
2019/10/15 14:35,6,3,57,0,0.301388889
2019/10/15 14:40,8,6,54,0,0.282291667
2019/10/15 14:45,1,0,60,0,0.091666667
2019/10/15 14:50,3,13,47,0,0.161111111
2019/10/15 14:55,1,0,56,4,0.033333333
2019/10/15 15:00,1,0,59,1,nan
2019/10/15 15:05,3,2,54,4,0.130555556
2019/10/15 15:10,4,0,60,0,0.183333333
2019/10/15 15:15,6,0,60,0,0.126388889
2019/10/15 15:20,6,0,60,0,0.208333333
2019/10/15 15:25,3,0,60,0,0.397222222
2019/10/15 15:30,5,0,60,0,0.1
2019/10/15 15:35,3,0,60,0,0.108333333
2019/10/15 15:40,5,6,42,12,0.156666667
2019/10/15 15:45,5,13,47,0,0.356666667
2019/10/15 15:50,7,13,47,0,0.339285714
2019/10/15 15:55,3,6,54,0,0.341666667
2019/10/15 16:00,6,2,33,25,nan
2019/10/15 16:05,3,16,44,0,0.169444444
2019/10/15 16:10,2,6,54,0,0.2375
2019/10/15 16:15,3,1,52,7,0.277777778
2019/10/15 16:20,5,4,52,4,0.366666667
2019/10/15 16:25,5,7,47,6,0.301666667
2019/10/15 16:30,1,2,47,11,0.108333333
2019/10/15 16:35,7,0,60,0,0.272619048
2019/10/15 16:40,1,9,40,11,0.533333333
2019/10/15 16:45,3,3,11,46,0.733333333
2019/10/15 16:50,4,16,38,6,0.322916667
2019/10/15 16:55,3,4,56,0,0.472222222
2019/10/15 17:00,3,0,60,0,0.497222222
2019/10/15 17:05,1,11,49,0,0
2019/10/15 17:10,1,16,44,0,0.258333333
2019/10/15 17:15,2,35,17,8,0.345833333
2019/10/15 17:20,1,6,54,0,0.291666667
2019/10/15 17:25,7,0,60,0,0.538095238
2019/10/15 17:30,8,0,60,0,0.591666667
2019/10/15 17:35,6,0,60,0,0.745
2019/10/15 17:40,5,13,27,20,0.370833333
2019/10/15 17:45,6,32,16,12,0.305555556
2019/10/15 17:50,6,53,0,7,0.116666667
2019/10/15 17:55,4,60,0,0,0.016666667
2019/10/15 18:00,3,60,0,0,0.016666667
2019/10/15 18:05,3,60,0,0,0
2019/10/15 18:10,4,60,0,0,0
2019/10/15 18:15,3,60,0,0,0
2019/10/15 18:20,4,60,0,0,0.0125
2019/10/15 18:25,4,60,0,0,0
2019/10/15 18:30,4,60,0,0,0
2019/10/15 18:35,5,60,0,0,0.001666667
2019/10/15 18:40,4,60,0,0,0
2019/10/15 18:45,4,60,0,0,0
2019/10/15 18:50,3,60,0,0,0
2019/10/15 18:55,5,60,0,0,0
2019/10/15 19:00,5,60,0,0,0
2019/10/15 19:05,4,60,0,0,0
2019/10/15 19:10,6,60,0,0,0.197222222
2019/10/15 19:15,6,60,0,0,0.015277778
2019/10/15 19:20,6,60,0,0,0
2019/10/15 19:25,6,60,0,0,0
2019/10/15 19:30,6,55,5,0,0.034722222
2019/10/15 19:35,7,49,11,0,0.076388889
2019/10/15 19:40,7,60,0,0,0
2019/10/15 19:45,6,60,0,0,0.006944444
2019/10/15 19:50,5,60,0,0,0
2019/10/15 19:55,4,60,0,0,0
2019/10/15 20:00,5,60,0,0,0
2019/10/15 20:05,6,60,0,0,0
2019/10/15 20:10,6,60,0,0,0
2019/10/15 20:15,5,60,0,0,0
2019/10/15 20:20,5,60,0,0,0.008333333
2019/10/15 20:25,6,60,0,0,0
2019/10/15 20:30,6,30,1,29,0.101388889
2019/10/15 20:35,5,22,12,26,0.215
2019/10/15 20:40,6,22,33,5,0.131944444
2019/10/15 20:45,5,20,25,15,0.3
2019/10/15 20:50,4,19,41,0,0.104166667
2019/10/15 20:55,4,24,25,11,0.2
2019/10/15 21:00,3,24,35,1,nan
2019/10/15 21:05,6,10,22,28,0.315277778
2019/10/15 21:10,3,23,22,15,0.244444444
2019/10/15 21:15,5,25,3,32,0.456666667
2019/10/15 21:20,1,20,25,15,0.333333333
2019/10/15 21:25,6,35,12,13,0.454166667
2019/10/15 21:30,4,40,9,11,0.308333333
2019/10/15 21:35,3,59,1,0,0.027777778
2019/10/15 21:40,9,51,0,9,0.183333333
2019/10/15 21:45,8,60,0,0,0.113541667
2019/10/15 21:50,8,60,0,0,0.060416667
2019/10/15 21:55,8,60,0,0,0
2019/10/15 22:00,8,60,0,0,0
2019/10/15 22:05,8,60,0,0,0
2019/10/15 22:10,8,60,0,0,0
2019/10/15 22:15,7,60,0,0,0
2019/10/15 22:20,6,60,0,0,0
2019/10/15 22:25,7,60,0,0,0
2019/10/15 22:30,7,60,0,0,0
2019/10/15 22:35,7,60,0,0,0
2019/10/15 22:40,7,60,0,0,0
2019/10/15 22:45,7,60,0,0,0.002380952
2019/10/15 22:50,8,57,3,0,0.025
2019/10/15 22:55,4,60,0,0,0
2019/10/15 23:00,6,60,0,0,0
2019/10/15 23:05,5,60,0,0,0.010416667
2019/10/15 23:10,9,60,0,0,0
2019/10/15 23:15,8,60,0,0,0
2019/10/15 23:20,8,60,0,0,0
2019/10/15 23:25,8,60,0,0,0.022916667
2019/10/15 23:30,8,60,0,0,0
2019/10/15 23:35,8,60,0,0,0
2019/10/15 23:40,8,60,0,0,0.008333333
2019/10/15 23:45,7,60,0,0,0
2019/10/15 23:50,7,60,0,0,0
2019/10/15 23:55,6,60,0,0,0.006944444
2019/10/16 0:00,7,60,0,0,0.010714286
2019/10/16 0:05,6,60,0,0,0
2019/10/16 0:10,6,60,0,0,0
2019/10/16 0:15,4,60,0,0,0
2019/10/16 0:20,4,60,0,0,0
2019/10/16 0:25,8,60,0,0,0
2019/10/16 0:30,7,60,0,0,0.00952381
2019/10/16 0:35,7,60,0,0,0.007142857
2019/10/16 0:40,7,60,0,0,0.005952381
2019/10/16 0:45,6,60,0,0,0
2019/10/16 0:50,4,60,0,0,0
2019/10/16 0:55,4,60,0,0,0
2019/10/16 1:00,6,60,0,0,0
2019/10/16 1:05,7,60,0,0,0
2019/10/16 1:10,7,60,0,0,0
2019/10/16 1:15,8,60,0,0,0.0125
2019/10/16 1:20,4,45,6,9,0.210416667
2019/10/16 1:25,4,54,6,0,0.05
2019/10/16 1:30,8,60,0,0,0
2019/10/16 1:35,4,60,0,0,0
2019/10/16 1:40,7,60,0,0,0
2019/10/16 1:45,4,60,0,0,0.00625
2019/10/16 1:50,7,60,0,0,0
2019/10/16 1:55,5,60,0,0,0
2019/10/16 2:00,7,60,0,0,0
2019/10/16 2:05,8,60,0,0,0.007291667
2019/10/16 2:10,7,60,0,0,0.033333333
2019/10/16 2:15,9,60,0,0,0.00462963
2019/10/16 2:20,5,60,0,0,0
2019/10/16 2:25,7,60,0,0,0
2019/10/16 2:30,4,60,0,0,0
2019/10/16 2:35,5,60,0,0,0
2019/10/16 2:40,5,60,0,0,0
2019/10/16 2:45,5,60,0,0,0
2019/10/16 2:50,5,60,0,0,0
2019/10/16 2:55,7,60,0,0,0
2019/10/16 3:00,5,60,0,0,0
2019/10/16 3:05,5,60,0,0,0
2019/10/16 3:10,5,60,0,0,0
2019/10/16 3:15,5,60,0,0,0
2019/10/16 3:20,5,60,0,0,0
2019/10/16 3:25,5,60,0,0,0
2019/10/16 3:30,5,60,0,0,0
2019/10/16 3:35,5,60,0,0,0
2019/10/16 3:40,5,60,0,0,0
2019/10/16 3:45,8,60,0,0,0.004761905
2019/10/16 3:50,6,60,0,0,0.044444444
2019/10/16 3:55,7,60,0,0,0.045833333
2019/10/16 4:00,7,60,0,0,0.075
2019/10/16 4:05,6,60,0,0,0
2019/10/16 4:10,6,60,0,0,0
2019/10/16 4:15,6,60,0,0,0
2019/10/16 4:20,6,60,0,0,0
2019/10/16 4:25,5,60,0,0,0
2019/10/16 4:30,6,60,0,0,0
2019/10/16 4:35,5,60,0,0,0
2019/10/16 4:40,4,60,0,0,0
2019/10/16 4:45,4,60,0,0,0.010416667
2019/10/16 4:50,6,60,0,0,0
2019/10/16 4:55,6,60,0,0,0
2019/10/16 5:00,3,60,0,0,0
2019/10/16 5:05,6,60,0,0,0
2019/10/16 5:10,4,60,0,0,0
2019/10/16 5:15,5,60,0,0,0
2019/10/16 5:20,6,60,0,0,0
2019/10/16 5:25,6,60,0,0,0
2019/10/16 5:30,6,53,7,0,0.058333333
2019/10/16 5:35,5,33,27,0,0.225
2019/10/16 5:40,5,41,13,6,0.2
2019/10/16 5:45,7,50,2,8,0.15
2019/10/16 5:50,6,33,13,14,0.598611111
2019/10/16 5:55,5,60,0,0,0.172916667
2019/10/16 6:00,5,60,0,0,nan
2019/10/16 6:05,6,60,0,0,0.077777778
2019/10/16 6:10,6,53,0,7,0.161111111
2019/10/16 6:15,9,54,6,0,0.087962963
2019/10/16 6:20,8,60,0,0,0.020833333
2019/10/16 6:25,9,60,0,0,0.056481481
2019/10/16 6:30,9,60,0,0,0.008333333
2019/10/16 6:35,9,60,0,0,0
2019/10/16 6:40,9,60,0,0,0.007407407
2019/10/16 6:45,8,60,0,0,0.011458333
2019/10/16 6:50,8,60,0,0,0.05
2019/10/16 6:55,7,60,0,0,0.071428571
2019/10/16 7:00,6,60,0,0,0
2019/10/16 7:05,5,60,0,0,0
2019/10/16 7:10,5,60,0,0,0
2019/10/16 7:15,6,60,0,0,0.005555556
2019/10/16 7:20,6,60,0,0,0.001388889
2019/10/16 7:25,7,60,0,0,0.033333333
2019/10/16 7:30,7,60,0,0,0.007142857
2019/10/16 7:35,2,60,0,0,0.633333333
2019/10/16 7:40,3,60,0,0,0.241666667
2019/10/16 7:45,3,60,0,0,0.05
2019/10/16 7:50,5,60,0,0,0.406666667
2019/10/16 7:55,2,51,0,9,0.541666667
2019/10/16 8:00,3,56,0,4,nan
2019/10/16 8:05,7,59,1,0,0.044047619
2019/10/16 8:10,4,60,0,0,0.129166667
2019/10/16 8:15,3,53,0,7,0.502777778
2019/10/16 8:20,5,60,0,0,0.106666667
2019/10/16 8:25,2,60,0,0,0
2019/10/16 8:30,,,,,
2019/10/16 8:35,,,,,
2019/10/16 8:40,,,,,
2019/10/16 8:45,,,,,
2019/10/16 8:50,,,,,
2019/10/16 8:55,,,,,
2019/10/16 9:00,,,,,
2019/10/16 9:05,,,,,
2019/10/16 9:10,,,,,
2019/10/16 9:15,,,,,
2019/10/16 9:20,,,,,
2019/10/16 9:25,,,,,
2019/10/16 9:30,,,,,
2019/10/16 9:35,,,,,
2019/10/16 9:40,,,,,
2019/10/16 9:45,,,,,
2019/10/16 9:50,,,,,
2019/10/16 9:55,,,,,
2019/10/16 10:00,,,,,
2019/10/16 10:05,,,,,
2019/10/16 10:10,,,,,
2019/10/16 10:15,,,,,
2019/10/16 10:20,,,,,
2019/10/16 10:25,,,,,
2019/10/16 10:30,,,,,
2019/10/16 10:35,,,,,
2019/10/16 10:40,,,,,
2019/10/16 10:45,,,,,
2019/10/16 10:50,,,,,
2019/10/16 10:55,,,,,
2019/10/16 11:00,,,,,
2019/10/16 11:05,,,,,
2019/10/16 11:10,,,,,
2019/10/16 11:15,,,,,
2019/10/16 11:20,,,,,
2019/10/16 11:25,,,,,
2019/10/16 11:30,,,,,
2019/10/16 11:35,,,,,
2019/10/16 11:40,,,,,
2019/10/16 11:45,,,,,
2019/10/16 11:50,,,,,
2019/10/16 11:55,,,,,
2019/10/16 12:00,,,,,
2019/10/16 12:05,,,,,
2019/10/16 12:10,,,,,
2019/10/16 12:15,,,,,
2019/10/16 12:20,,,,,
2019/10/16 12:25,,,,,
2019/10/16 12:30,5,59,1,0,0.7
2019/10/16 12:35,1,19,23,18,0.425
2019/10/16 12:40,5,0,60,0,0.228333333
2019/10/16 12:45,1,12,28,20,0.266666667
2019/10/16 12:50,2,23,37,0,0.191666667
2019/10/16 12:55,1,12,48,0,0.1
2019/10/16 13:00,1,14,42,4,0.2
2019/10/16 13:05,1,36,20,4,0.35
2019/10/16 13:10,1,0,50,10,0.083333333
2019/10/16 13:15,7,0,52,8,0.145238095
2019/10/16 13:20,6,0,52,8,0.106944444
2019/10/16 13:25,1,0,54,6,0.641666667
2019/10/16 13:30,1,0,60,0,0.316666667
2019/10/16 13:35,2,0,60,0,0.029166667
2019/10/16 13:40,7,4,56,0,0.186904762
2019/10/16 13:45,1,8,52,0,0.116666667
2019/10/16 13:50,1,6,42,12,0.183333333
2019/10/16 13:55,4,4,46,10,0.295833333
2019/10/16 14:00,4,1,41,18,0.129166667
2019/10/16 14:05,3,3,57,0,0.052777778
2019/10/16 14:10,6,2,37,21,0.266666667
2019/10/16 14:15,8,2,58,0,0.082291667
2019/10/16 14:20,1,3,47,10,0.1
2019/10/16 14:25,2,10,30,20,0.466666667
2019/10/16 14:30,2,6,29,25,0.433333333
2019/10/16 14:35,3,0,60,0,0.172222222
2019/10/16 14:40,1,0,45,15,0.241666667
2019/10/16 14:45,4,0,27,33,0.152083333
2019/10/16 14:50,5,0,52,8,0.073333333
2019/10/16 14:55,8,0,59,1,0.126041667
2019/10/16 15:00,4,0,39,21,nan
2019/10/16 15:05,6,0,60,0,0.143055556
2019/10/16 15:10,6,0,52,8,0.061666667
2019/10/16 15:15,6,7,2,51,0.305555556
2019/10/16 15:20,3,0,60,0,0.530555556
2019/10/16 15:25,6,0,43,17,0.311111111
2019/10/16 15:30,1,0,14,46,0.116666667
2019/10/16 15:35,1,0,49,11,0.175
2019/10/16 15:40,5,15,22,23,0.286666667
2019/10/16 15:45,7,3,36,21,0.475
2019/10/16 15:50,7,5,30,25,0.347619048
2019/10/16 15:55,2,18,42,0,0.475
2019/10/16 16:00,1,2,19,39,nan
2019/10/16 16:05,4,21,28,11,0.289583333
2019/10/16 16:10,2,30,22,8,0.175
2019/10/16 16:15,2,1,47,12,0.320833333
2019/10/16 16:20,5,1,16,43,0.265
2019/10/16 16:25,2,9,47,4,0.191666667
2019/10/16 16:30,7,0,60,0,0.052380952
2019/10/16 16:35,6,3,57,0,0.055555556
2019/10/16 16:40,6,8,45,7,0.202777778
2019/10/16 16:45,5,0,60,0,0.116666667
2019/10/16 16:50,6,0,60,0,0.308333333
2019/10/16 16:55,6,0,60,0,0.234722222
2019/10/16 17:00,5,3,43,14,0.139583333
2019/10/16 17:05,3,8,52,0,0.047222222
2019/10/16 17:10,6,4,50,6,0.415
2019/10/16 17:15,2,18,33,9,0.541666667
2019/10/16 17:20,2,28,32,0,0.266666667
2019/10/16 17:25,2,44,16,0,0.133333333
2019/10/16 17:30,2,23,28,9,0.425
2019/10/16 17:35,2,28,14,18,0.45
2019/10/16 17:40,2,16,44,0,0.466666667
2019/10/16 17:45,2,60,0,0,0
2019/10/16 17:50,2,60,0,0,0
2019/10/16 17:55,2,60,0,0,0.320833333
2019/10/16 18:00,6,60,0,0,0
2019/10/16 18:05,5,60,0,0,0
2019/10/16 18:10,6,60,0,0,0
2019/10/16 18:15,6,60,0,0,0
2019/10/16 18:20,5,60,0,0,0
2019/10/16 18:25,6,60,0,0,0.035
2019/10/16 18:30,6,60,0,0,0.033333333
2019/10/16 18:35,6,60,0,0,0.005
2019/10/16 18:40,6,60,0,0,0
2019/10/16 18:45,7,60,0,0,0
2019/10/16 18:50,7,56,4,0,0.0375
2019/10/16 18:55,7,56,4,0,0.034722222
2019/10/16 19:00,7,60,0,0,0.026388889
2019/10/16 19:05,6,60,0,0,0.005
2019/10/16 19:10,7,60,0,0,0.009722222
2019/10/16 19:15,7,60,0,0,0
2019/10/16 19:20,7,60,0,0,0.002777778
2019/10/16 19:25,7,60,0,0,0
2019/10/16 19:30,6,60,0,0,0.011666667
2019/10/16 19:35,7,60,0,0,0.015277778
2019/10/16 19:40,6,60,0,0,0
2019/10/16 19:45,7,15,0,45,0.197222222
2019/10/16 19:50,7,0,54,6,0.326190476
2019/10/16 19:55,6,0,60,0,0.111111111
2019/10/16 20:00,1,1,59,0,nan
2019/10/16 20:05,2,9,6,45,0.479166667
2019/10/16 20:10,2,24,17,19,0.454166667
2019/10/16 20:15,3,32,0,28,0.533333333
2019/10/16 20:20,4,41,0,19,0.372916667
2019/10/16 20:25,5,47,13,0,0.181666667
2019/10/16 20:30,2,33,27,0,0.229166667
2019/10/16 20:35,2,47,6,7,0.541666667
2019/10/16 20:40,3,48,0,12,0.283333333
2019/10/16 20:45,6,50,0,10,0.661111111
2019/10/16 20:50,6,53,0,7,0.372222222
2019/10/16 20:55,2,60,0,0,0.583333333
2019/10/16 21:00,2,60,0,0,nan
2019/10/16 21:05,3,60,0,0,0.319444444
2019/10/16 21:10,3,37,10,13,0.308333333
2019/10/16 21:15,3,60,0,0,0.125
2019/10/16 21:20,3,60,0,0,0.038888889
2019/10/16 21:25,2,60,0,0,0.095833333
2019/10/16 21:30,2,60,0,0,0
2019/10/16 21:35,3,60,0,0,0
2019/10/16 21:40,3,60,0,0,0
2019/10/16 21:45,3,60,0,0,0
2019/10/16 21:50,3,60,0,0,0
2019/10/16 21:55,3,60,0,0,0
2019/10/16 22:00,3,47,4,9,0.183333333
2019/10/16 22:05,6,41,5,14,0.347222222
2019/10/16 22:10,6,57,0,3,0.05
2019/10/16 22:15,4,60,0,0,0
2019/10/16 22:20,4,60,0,0,0
2019/10/16 22:25,4,60,0,0,0.102083333
2019/10/16 22:30,5,60,0,0,0
2019/10/16 22:35,6,60,0,0,0
2019/10/16 22:40,2,60,0,0,0
2019/10/16 22:45,5,60,0,0,0.053333333
2019/10/16 22:50,6,49,0,11,0.183333333
2019/10/16 22:55,6,60,0,0,0.069444444
2019/10/16 23:00,3,60,0,0,0
2019/10/16 23:05,5,60,0,0,0.026666667
2019/10/16 23:10,5,55,0,5,0.118333333
2019/10/16 23:15,5,60,0,0,0.048333333
2019/10/16 23:20,4,60,0,0,0.004166667
2019/10/16 23:25,6,60,0,0,0.211111111
2019/10/16 23:30,1,60,0,0,1.983333333
2019/10/16 23:35,3,60,0,0,0.988888889
2019/10/16 23:40,6,60,0,0,0.456944444
2019/10/16 23:45,3,58,2,0,0.183333333
2019/10/16 23:50,3,60,0,0,0
2019/10/16 23:55,3,60,0,0,0
2019/10/17 0:00,4,60,0,0,0.025
2019/10/17 0:05,4,60,0,0,0
2019/10/17 0:10,4,60,0,0,0
2019/10/17 0:15,1,54,0,6,0.1
2019/10/17 0:20,1,36,21,3,0.225
2019/10/17 0:25,1,60,0,0,0
2019/10/17 0:30,2,60,0,0,0
2019/10/17 0:35,2,60,0,0,0
2019/10/17 0:40,2,60,0,0,0
2019/10/17 0:45,2,60,0,0,0
2019/10/17 0:50,4,60,0,0,0
2019/10/17 0:55,1,60,0,0,0
2019/10/17 1:00,1,60,0,0,0
2019/10/17 1:05,4,60,0,0,0
2019/10/17 1:10,4,60,0,0,0.00625
2019/10/17 1:15,4,60,0,0,0.002083333
2019/10/17 1:20,4,60,0,0,0
2019/10/17 1:25,4,60,0,0,0.00625
2019/10/17 1:30,3,60,0,0,0.025
2019/10/17 1:35,4,60,0,0,0.039583333
2019/10/17 1:40,4,60,0,0,0.00625
2019/10/17 1:45,4,60,0,0,0.058333333
2019/10/17 1:50,3,60,0,0,0
2019/10/17 1:55,3,60,0,0,0
2019/10/17 2:00,4,60,0,0,0
2019/10/17 2:05,4,60,0,0,0
2019/10/17 2:10,5,59,1,0,0.006666667
2019/10/17 2:15,3,60,0,0,0
2019/10/17 2:20,3,60,0,0,0
2019/10/17 2:25,3,60,0,0,0
2019/10/17 2:30,3,60,0,0,0
2019/10/17 2:35,3,60,0,0,0
2019/10/17 2:40,3,60,0,0,0
2019/10/17 2:45,3,60,0,0,0
2019/10/17 2:50,3,60,0,0,0
2019/10/17 2:55,4,60,0,0,0
2019/10/17 3:00,3,60,0,0,0
2019/10/17 3:05,4,60,0,0,0
2019/10/17 3:10,4,60,0,0,0.066666667
2019/10/17 3:15,4,60,0,0,0.008333333
2019/10/17 3:20,4,60,0,0,0
2019/10/17 3:25,3,60,0,0,0
2019/10/17 3:30,4,60,0,0,0
2019/10/17 3:35,4,60,0,0,0
2019/10/17 3:40,4,60,0,0,0
2019/10/17 3:45,4,60,0,0,0
2019/10/17 3:50,4,60,0,0,0
2019/10/17 3:55,4,60,0,0,0
2019/10/17 4:00,4,60,0,0,0
2019/10/17 4:05,6,60,0,0,0.0125
2019/10/17 4:10,6,33,27,0,0.233333333
2019/10/17 4:15,4,60,0,0,0
2019/10/17 4:20,4,60,0,0,0
2019/10/17 4:25,4,60,0,0,0
2019/10/17 4:30,4,60,0,0,0
2019/10/17 4:35,4,60,0,0,0
2019/10/17 4:40,6,60,0,0,0
2019/10/17 4:45,3,60,0,0,0
2019/10/17 4:50,4,60,0,0,0
2019/10/17 4:55,4,60,0,0,0
2019/10/17 5:00,4,60,0,0,0.002083333
2019/10/17 5:05,4,60,0,0,0
2019/10/17 5:10,4,60,0,0,0
2019/10/17 5:15,4,60,0,0,0
2019/10/17 5:20,3,60,0,0,0
2019/10/17 5:25,2,60,0,0,0
2019/10/17 5:30,3,60,0,0,0
2019/10/17 5:35,3,60,0,0,0
2019/10/17 5:40,3,60,0,0,0
2019/10/17 5:45,4,60,0,0,0
2019/10/17 5:50,4,60,0,0,0
2019/10/17 5:55,4,60,0,0,0
2019/10/17 6:00,3,59,1,0,0.008333333
2019/10/17 6:05,4,31,0,29,0.370833333
2019/10/17 6:10,3,52,0,8,0.358333333
2019/10/17 6:15,6,36,24,0,0.202777778
2019/10/17 6:20,3,43,17,0,0.125
2019/10/17 6:25,3,15,34,11,0.369444444
2019/10/17 6:30,2,38,9,13,0.3625
2019/10/17 6:35,2,54,6,0,0.383333333
2019/10/17 6:40,6,60,0,0,0.098611111
2019/10/17 6:45,7,60,0,0,0.007142857
2019/10/17 6:50,7,55,0,5,0.123809524
2019/10/17 6:55,7,39,8,13,0.273809524
2019/10/17 7:00,7,56,0,4,0.078571429
2019/10/17 7:05,7,60,0,0,0.05952381
2019/10/17 7:10,7,60,0,0,0
2019/10/17 7:15,7,60,0,0,0
2019/10/17 7:20,7,60,0,0,0
2019/10/17 7:25,8,60,0,0,0.035416667
2019/10/17 7:30,7,60,0,0,0.014285714
2019/10/17 7:35,7,60,0,0,0.053571429
2019/10/17 7:40,8,60,0,0,0.14375
2019/10/17 7:45,5,58,2,0,0.133333333
2019/10/17 7:50,7,59,1,0,0.091666667
2019/10/17 7:55,4,60,0,0,0
2019/10/17 8:00,4,34,0,26,0.433333333
2019/10/17 8:05,5,40,0,20,0.306666667
2019/10/17 8:10,5,60,0,0,0.046666667
2019/10/17 8:15,5,60,0,0,0.083333333
2019/10/17 8:20,7,60,0,0,0.166666667
2019/10/17 8:25,6,60,0,0,0.258333333
2019/10/17 8:30,,,,,
2019/10/17 8:35,,,,,
2019/10/17 8:40,,,,,
2019/10/17 8:45,,,,,
2019/10/17 8:50,,,,,
2019/10/17 8:55,,,,,
2019/10/17 9:00,,,,,
2019/10/17 9:05,,,,,
2019/10/17 9:10,,,,,
2019/10/17 9:15,,,,,
2019/10/17 9:20,,,,,
2019/10/17 9:25,,,,,
2019/10/17 9:30,,,,,
2019/10/17 9:35,,,,,
2019/10/17 9:40,,,,,
2019/10/17 9:45,,,,,
2019/10/17 9:50,,,,,
2019/10/17 9:55,,,,,
2019/10/17 10:00,,,,,
2019/10/17 10:05,,,,,
2019/10/17 10:10,,,,,
2019/10/17 10:15,,,,,
2019/10/17 10:20,,,,,
2019/10/17 10:25,,,,,
2019/10/17 10:30,,,,,
2019/10/17 10:35,,,,,
2019/10/17 10:40,,,,,
2019/10/17 10:45,,,,,
2019/10/17 10:50,,,,,
2019/10/17 10:55,,,,,
2019/10/17 11:00,,,,,
2019/10/17 11:05,,,,,
2019/10/17 11:10,,,,,
2019/10/17 11:15,,,,,
2019/10/17 11:20,,,,,
2019/10/17 11:25,,,,,
2019/10/17 11:30,,,,,
2019/10/17 11:35,,,,,
2019/10/17 11:40,,,,,
2019/10/17 11:45,,,,,
2019/10/17 11:50,,,,,
2019/10/17 11:55,,,,,
2019/10/17 12:00,,,,,
2019/10/17 12:05,,,,,
2019/10/17 12:10,,,,,
2019/10/17 12:15,,,,,
2019/10/17 12:20,,,,,
2019/10/17 12:25,,,,,
2019/10/17 12:30,5,0,60,0,0.168333333
2019/10/17 12:35,6,0,44,16,0.190277778
2019/10/17 12:40,8,0,52,8,0.080952381
2019/10/17 12:45,5,0,60,0,0.028333333
2019/10/17 12:50,4,0,60,0,0
2019/10/17 12:55,3,0,60,0,0
2019/10/17 13:00,6,0,59,1,nan
2019/10/17 13:05,5,0,44,16,0.135
2019/10/17 13:10,1,0,36,24,0.058333333
2019/10/17 13:15,5,0,33,27,0.196666667
2019/10/17 13:20,5,0,60,0,0.021666667
2019/10/17 13:25,2,0,60,0,0.1875
2019/10/17 13:30,1,0,60,0,0
2019/10/17 13:35,1,0,45,15,0.35
2019/10/17 13:40,2,4,56,0,0.066666667
2019/10/17 13:45,1,0,60,0,0.075
2019/10/17 13:50,5,8,41,11,0.326666667
2019/10/17 13:55,2,8,43,9,0.2125
2019/10/17 14:00,3,3,57,0,0.35
2019/10/17 14:05,1,2,28,30,0.608333333
2019/10/17 14:10,5,4,41,15,0.285
2019/10/17 14:15,5,9,51,0,0.37
2019/10/17 14:20,1,16,44,0,0.091666667
2019/10/17 14:25,2,11,49,0,0.458333333
2019/10/17 14:30,4,20,15,25,0.189583333
2019/10/17 14:35,3,27,25,8,0.516666667
2019/10/17 14:40,1,0,60,0,0.158333333
2019/10/17 14:45,1,11,43,6,0.275
2019/10/17 14:50,5,6,45,9,0.151666667
2019/10/17 14:55,1,4,51,5,0.325
2019/10/17 15:00,2,11,27,22,nan
2019/10/17 15:05,2,0,24,36,0.325
2019/10/17 15:10,4,40,8,12,0.541666667
2019/10/17 15:15,4,8,47,5,0.1125
2019/10/17 15:20,3,0,60,0,0
2019/10/17 15:25,4,0,60,0,0.008333333
2019/10/17 15:30,4,0,60,0,0.020833333
2019/10/17 15:35,4,0,44,16,0.139583333
2019/10/17 15:40,7,16,8,36,0.376388889
2019/10/17 15:45,4,24,23,13,0.308333333
2019/10/17 15:50,6,6,22,32,0.351388889
2019/10/17 15:55,7,36,14,10,0.25952381
2019/10/17 16:00,5,17,42,1,nan
2019/10/17 16:05,7,17,43,0,0.15952381
2019/10/17 16:10,6,0,60,0,0.240277778
2019/10/17 16:15,6,16,44,0,0.204166667
2019/10/17 16:20,6,34,16,10,0.334722222
2019/10/17 16:25,6,4,56,0,0.319444444
2019/10/17 16:30,2,6,50,4,0.208333333
2019/10/17 16:35,2,4,50,6,0.329166667
2019/10/17 16:40,4,39,21,0,0.466666667
2019/10/17 16:45,6,29,22,9,0.281666667
2019/10/17 16:50,7,47,5,8,0.281944444
2019/10/17 16:55,6,57,0,3,0.418333333
2019/10/17 17:00,1,21,2,37,0.091666667
2019/10/17 17:05,1,21,31,8,0.5
2019/10/17 17:10,2,38,14,8,0.245833333
2019/10/17 17:15,3,28,32,0,0.269444444
2019/10/17 17:20,4,16,21,23,0.708333333
2019/10/17 17:25,3,1,57,2,0.216666667
2019/10/17 17:30,7,0,60,0,0.121428571
2019/10/17 17:35,9,0,60,0,0.056481481
2019/10/17 17:40,3,0,60,0,0.313888889
2019/10/17 17:45,5,0,60,0,0.17
2019/10/17 17:50,2,0,60,0,0.125
2019/10/17 17:55,2,0,60,0,0.545833333
2019/10/17 18:00,3,0,59,1,nan
2019/10/17 18:05,4,13,17,30,0.377777778
2019/10/17 18:10,6,38,17,5,0.325
2019/10/17 18:15,5,22,33,5,0.463333333
2019/10/17 18:20,4,48,6,6,0.739583333
2019/10/17 18:25,6,29,20,11,0.244444444
2019/10/17 18:30,6,60,0,0,0.540277778
2019/10/17 18:35,5,47,1,12,0.256666667
2019/10/17 18:40,6,60,0,0,0.1875
2019/10/17 18:45,5,60,0,0,0.37
2019/10/17 18:50,2,60,0,0,0.9875
2019/10/17 18:55,1,60,0,0,0
2019/10/17 19:00,6,60,0,0,0
2019/10/17 19:05,6,60,0,0,0
2019/10/17 19:10,5,60,0,0,0
2019/10/17 19:15,5,60,0,0,0.001666667
2019/10/17 19:20,6,60,0,0,0.006944444
2019/10/17 19:25,4,60,0,0,0.00625
2019/10/17 19:30,5,60,0,0,0
2019/10/17 19:35,7,60,0,0,0
2019/10/17 19:40,6,60,0,0,0.001388889
2019/10/17 19:45,6,60,0,0,0
2019/10/17 19:50,6,60,0,0,0
2019/10/17 19:55,6,60,0,0,0
2019/10/17 20:00,6,60,0,0,nan
2019/10/17 20:05,7,60,0,0,0
2019/10/17 20:10,6,60,0,0,0
2019/10/17 20:15,7,60,0,0,0
2019/10/17 20:20,7,60,0,0,0
2019/10/17 20:25,7,60,0,0,0.019047619
2019/10/17 20:30,7,60,0,0,0.017857143
2019/10/17 20:35,6,60,0,0,0.144444444
2019/10/17 20:40,3,56,0,4,0.922222222
2019/10/17 20:45,4,25,1,34,0.547916667
2019/10/17 20:50,7,6,27,27,0.24047619
2019/10/17 20:55,3,43,4,13,0.261111111
2019/10/17 21:00,3,60,0,0,0
2019/10/17 21:05,3,60,0,0,0.147222222
2019/10/17 21:10,4,54,0,6,0.20625
2019/10/17 21:15,3,36,12,12,0.413888889
2019/10/17 21:20,3,22,33,5,0.55
2019/10/17 21:25,5,43,7,10,0.275
2019/10/17 21:30,1,50,4,6,0.391666667
2019/10/17 21:35,5,59,0,1,0.093333333
2019/10/17 21:40,9,41,8,11,0.250925926
2019/10/17 21:45,9,46,5,9,0.191666667
2019/10/17 21:50,9,60,0,0,0
2019/10/17 21:55,7,60,0,0,0
2019/10/17 22:00,6,60,0,0,0.0125
2019/10/17 22:05,9,60,0,0,0.036111111
2019/10/17 22:10,9,60,0,0,0
2019/10/17 22:15,5,60,0,0,0
2019/10/17 22:20,5,60,0,0,0
2019/10/17 22:25,5,60,0,0,0
2019/10/17 22:30,8,60,0,0,0
2019/10/17 22:35,6,60,0,0,0
2019/10/17 22:40,6,60,0,0,0
2019/10/17 22:45,9,60,0,0,0.012037037
2019/10/17 22:50,5,60,0,0,0
2019/10/17 22:55,9,60,0,0,0.031481481
2019/10/17 23:00,6,60,0,0,0
2019/10/17 23:05,2,60,0,0,0
2019/10/17 23:10,5,60,0,0,0
2019/10/17 23:15,6,60,0,0,0
2019/10/17 23:20,6,60,0,0,0
2019/10/17 23:25,7,60,0,0,0.003571429
2019/10/17 23:30,9,60,0,0,0
2019/10/17 23:35,6,60,0,0,0
2019/10/17 23:40,6,60,0,0,0.002777778
2019/10/17 23:45,5,60,0,0,0.001666667
2019/10/17 23:50,6,60,0,0,0
2019/10/17 23:55,5,33,20,7,0.25
2019/10/18 0:00,5,60,0,0,0
2019/10/18 0:05,5,60,0,0,0
2019/10/18 0:10,5,60,0,0,0.065
2019/10/18 0:15,6,60,0,0,0.101388889
2019/10/18 0:20,7,60,0,0,0.244047619
2019/10/18 0:25,8,60,0,0,0.529166667
2019/10/18 0:30,6,60,0,0,0.211111111
2019/10/18 0:35,5,55,0,5,0.288333333
2019/10/18 0:40,7,60,0,0,0.020238095
2019/10/18 0:45,8,60,0,0,0
2019/10/18 0:50,8,60,0,0,0
2019/10/18 0:55,8,60,0,0,0
2019/10/18 1:00,8,60,0,0,0
2019/10/18 1:05,8,60,0,0,0
2019/10/18 1:10,8,60,0,0,0
2019/10/18 1:15,8,60,0,0,0.003125
2019/10/18 1:20,8,60,0,0,0
2019/10/18 1:25,8,60,0,0,0.001041667
2019/10/18 1:30,1,60,0,0,0
2019/10/18 1:35,2,60,0,0,0
2019/10/18 1:40,7,60,0,0,0
2019/10/18 1:45,8,60,0,0,0
2019/10/18 1:50,7,60,0,0,0
2019/10/18 1:55,3,60,0,0,0
2019/10/18 2:00,6,60,0,0,0
2019/10/18 2:05,6,60,0,0,0
2019/10/18 2:10,6,60,0,0,0
2019/10/18 2:15,7,60,0,0,0
2019/10/18 2:20,7,60,0,0,0
2019/10/18 2:25,7,60,0,0,0
2019/10/18 2:30,7,60,0,0,0.004761905
2019/10/18 2:35,7,60,0,0,0
2019/10/18 2:40,7,60,0,0,0.004761905
2019/10/18 2:45,4,60,0,0,0.00625
2019/10/18 2:50,4,60,0,0,0
2019/10/18 2:55,7,60,0,0,0
2019/10/18 3:00,8,60,0,0,0
2019/10/18 3:05,8,60,0,0,0
2019/10/18 3:10,8,60,0,0,0
2019/10/18 3:15,8,60,0,0,0
2019/10/18 3:20,7,60,0,0,0
2019/10/18 3:25,4,60,0,0,0
2019/10/18 3:30,4,60,0,0,0
2019/10/18 3:35,8,60,0,0,0
2019/10/18 3:40,8,60,0,0,0
2019/10/18 3:45,5,60,0,0,0
2019/10/18 3:50,5,60,0,0,0
2019/10/18 3:55,8,60,0,0,0
2019/10/18 4:00,8,60,0,0,0.027083333
2019/10/18 4:05,5,60,0,0,0
2019/10/18 4:10,5,60,0,0,0
2019/10/18 4:15,4,60,0,0,0.054166667
2019/10/18 4:20,4,60,0,0,0
2019/10/18 4:25,4,60,0,0,0
2019/10/18 4:30,8,60,0,0,0
2019/10/18 4:35,7,60,0,0,0
2019/10/18 4:40,6,60,0,0,0
2019/10/18 4:45,8,60,0,0,0
2019/10/18 4:50,8,60,0,0,0.00625
2019/10/18 4:55,8,60,0,0,0
2019/10/18 5:00,8,60,0,0,0.009375
2019/10/18 5:05,6,60,0,0,0
2019/10/18 5:10,6,60,0,0,0
2019/10/18 5:15,7,60,0,0,0
2019/10/18 5:20,7,60,0,0,0
2019/10/18 5:25,8,60,0,0,0.003125
2019/10/18 5:30,8,60,0,0,0
2019/10/18 5:35,5,60,0,0,0
2019/10/18 5:40,4,60,0,0,0
2019/10/18 5:45,5,60,0,0,0.001666667
2019/10/18 5:50,8,60,0,0,0
2019/10/18 5:55,7,60,0,0,0
2019/10/18 6:00,8,60,0,0,0.004166667
2019/10/18 6:05,6,26,0,34,0.154166667
2019/10/18 6:10,4,29,0,31,0.210416667
2019/10/18 6:15,4,24,19,17,0.316666667
2019/10/18 6:20,7,23,2,35,0.544047619
2019/10/18 6:25,1,35,15,10,0.341666667
2019/10/18 6:30,4,18,24,18,0.322916667
2019/10/18 6:35,8,40,12,8,0.241666667
2019/10/18 6:40,5,38,13,9,0.201666667
2019/10/18 6:45,6,49,11,0,0.1125
2019/10/18 6:50,5,60,0,0,0.095
2019/10/18 6:55,5,53,0,7,0.141666667
2019/10/18 7:00,5,60,0,0,0
2019/10/18 7:05,5,60,0,0,0
2019/10/18 7:10,5,60,0,0,0
2019/10/18 7:15,6,60,0,0,0.080555556
2019/10/18 7:20,5,54,0,6,0.16
2019/10/18 7:25,5,60,0,0,0.103333333
2019/10/18 7:30,9,60,0,0,0.169444444
2019/10/18 7:35,5,60,0,0,0.471666667
2019/10/18 7:40,5,60,0,0,0.036666667
2019/10/18 7:45,4,49,0,11,0.183333333
2019/10/18 7:50,8,60,0,0,0
2019/10/18 7:55,1,60,0,0,0.183333333
2019/10/18 8:00,1,60,0,0,0
2019/10/18 8:05,1,60,0,0,0
2019/10/18 8:10,3,60,0,0,0.025
2019/10/18 8:15,2,50,0,10,0.166666667
2019/10/18 8:20,9,59,1,0,0.138888889
2019/10/18 8:25,6,60,0,0,0.320833333
2019/10/18 8:30,,,,,
2019/10/18 8:35,,,,,
2019/10/18 8:40,,,,,
2019/10/18 8:45,,,,,
2019/10/18 8:50,,,,,
2019/10/18 8:55,,,,,
2019/10/18 9:00,,,,,
2019/10/18 9:05,,,,,
2019/10/18 9:10,,,,,
2019/10/18 9:15,,,,,
2019/10/18 9:20,,,,,
2019/10/18 9:25,,,,,
2019/10/18 9:30,,,,,
2019/10/18 9:35,,,,,
2019/10/18 9:40,,,,,
2019/10/18 9:45,,,,,
2019/10/18 9:50,,,,,
2019/10/18 9:55,,,,,
2019/10/18 10:00,,,,,
2019/10/18 10:05,,,,,
2019/10/18 10:10,,,,,
2019/10/18 10:15,,,,,
2019/10/18 10:20,,,,,
2019/10/18 10:25,,,,,
2019/10/18 10:30,,,,,
2019/10/18 10:35,,,,,
2019/10/18 10:40,,,,,
2019/10/18 10:45,,,,,
2019/10/18 10:50,,,,,
2019/10/18 10:55,,,,,
2019/10/18 11:00,,,,,
2019/10/18 11:05,,,,,
2019/10/18 11:10,,,,,
2019/10/18 11:15,,,,,
2019/10/18 11:20,,,,,
2019/10/18 11:25,,,,,
2019/10/18 11:30,,,,,
2019/10/18 11:35,,,,,
2019/10/18 11:40,,,,,
2019/10/18 11:45,,,,,
2019/10/18 11:50,,,,,
2019/10/18 11:55,,,,,
2019/10/18 12:00,,,,,
2019/10/18 12:05,,,,,
2019/10/18 12:10,,,,,
2019/10/18 12:15,,,,,
2019/10/18 12:20,,,,,
2019/10/18 12:25,,,,,
2019/10/18 12:30,8,0,53,7,0.075
2019/10/18 12:35,6,10,30,20,0.3
2019/10/18 12:40,7,0,59,1,0.008333333
2019/10/18 12:45,6,0,60,0,0.022222222
2019/10/18 12:50,4,0,60,0,0.072916667
2019/10/18 12:55,3,0,60,0,0.05
2019/10/18 13:00,5,0,60,0,nan
2019/10/18 13:05,6,0,60,0,0.052777778
2019/10/18 13:10,2,0,60,0,0.0875
2019/10/18 13:15,3,0,60,0,0.113888889
2019/10/18 13:20,4,0,56,4,0.029166667
2019/10/18 13:25,6,0,60,0,0.081944444
2019/10/18 13:30,4,0,42,18,0.172916667
2019/10/18 13:35,6,0,37,23,0.215277778
2019/10/18 13:40,5,5,43,12,0.168333333
2019/10/18 13:45,6,12,48,0,0.295
2019/10/18 13:50,1,1,49,10,0.383333333
2019/10/18 13:55,1,0,60,0,0.358333333
2019/10/18 14:00,7,6,44,10,nan
2019/10/18 14:05,2,0,42,18,0.325
2019/10/18 14:10,2,0,60,0,0.4125
2019/10/18 14:15,1,1,59,0,0.266666667
2019/10/18 14:20,3,2,58,0,0.375
2019/10/18 14:25,4,10,50,0,0.64375
2019/10/18 14:30,6,1,53,6,0.094444444
2019/10/18 14:35,4,1,41,18,0.145833333
2019/10/18 14:40,6,0,56,4,0.247222222
2019/10/18 14:45,5,0,37,23,0.168333333
2019/10/18 14:50,2,0,56,4,0.075
2019/10/18 14:55,4,0,60,0,0.025
2019/10/18 15:00,4,1,59,0,nan
2019/10/18 15:05,4,10,50,0,0.202083333
2019/10/18 15:10,1,3,42,15,0.933333333
2019/10/18 15:15,1,3,45,12,0.725
2019/10/18 15:20,1,4,56,0,0.408333333
2019/10/18 15:25,1,0,60,0,0.6
2019/10/18 15:30,4,0,60,0,0.027083333
2019/10/18 15:35,3,0,38,22,0.591666667
2019/10/18 15:40,4,24,2,34,0.533333333
2019/10/18 15:45,6,12,13,35,0.370833333
2019/10/18 15:50,4,42,18,0,0.241666667
2019/10/18 15:55,6,23,31,6,0.281944444
2019/10/18 16:00,9,6,54,0,nan
2019/10/18 16:05,1,4,50,6,0.458333333
2019/10/18 16:10,7,6,54,0,0.088095238
2019/10/18 16:15,4,1,59,0,0.214583333
2019/10/18 16:20,6,2,21,37,0.570833333
2019/10/18 16:25,1,22,33,5,0.325
2019/10/18 16:30,5,2,27,31,0.243333333
2019/10/18 16:35,4,5,50,5,0.172916667
2019/10/18 16:40,6,7,41,12,0.404166667
2019/10/18 16:45,6,1,59,0,0.319444444
2019/10/18 16:50,4,2,58,0,0.254166667
2019/10/18 16:55,6,6,48,6,0.215277778
2019/10/18 17:00,7,29,28,3,nan
2019/10/18 17:05,7,18,38,4,0.277380952
2019/10/18 17:10,5,4,56,0,0.325
2019/10/18 17:15,4,23,31,6,0.385416667
2019/10/18 17:20,6,38,22,0,0.629166667
2019/10/18 17:25,5,3,57,0,0.451666667
2019/10/18 17:30,6,12,34,14,0.413888889
2019/10/18 17:35,6,24,36,0,0.5375
2019/10/18 17:40,6,43,17,0,0.508333333
2019/10/18 17:45,9,47,13,0,0.513888889
2019/10/18 17:50,7,60,0,0,0.79047619
2019/10/18 17:55,7,60,0,0,1.026190476
2019/10/18 18:00,7,53,0,7,nan
2019/10/18 18:05,8,41,0,19,0.675
2019/10/18 18:10,8,60,0,0,0.461458333
2019/10/18 18:15,7,60,0,0,0.796428571
2019/10/18 18:20,6,60,0,0,0.618055556
2019/10/18 18:25,7,60,0,0,0.319047619
2019/10/18 18:30,8,60,0,0,0.045833333
2019/10/18 18:35,6,60,0,0,0.090277778
2019/10/18 18:40,7,60,0,0,0.317857143
2019/10/18 18:45,6,60,0,0,0.469444444
2019/10/18 18:50,7,60,0,0,0.4
2019/10/18 18:55,7,60,0,0,0.504761905
2019/10/18 19:00,7,60,0,0,1.05
2019/10/18 19:05,5,60,0,0,0.591666667
2019/10/18 19:10,5,60,0,0,0.513333333
2019/10/18 19:15,5,60,0,0,0.556666667
2019/10/18 19:20,5,60,0,0,0.968333333
2019/10/18 19:25,5,60,0,0,0.516666667
2019/10/18 19:30,6,60,0,0,0.802777778
2019/10/18 19:35,6,60,0,0,0.466666667
2019/10/18 19:40,8,60,0,0,0.533333333
2019/10/18 19:45,6,60,0,0,0.809722222
2019/10/18 19:50,6,60,0,0,1.341666667
2019/10/18 19:55,7,60,0,0,1.288095238
2019/10/18 20:00,7,60,0,0,nan
2019/10/18 20:05,7,60,0,0,0.710714286
2019/10/18 20:10,7,60,0,0,0.832142857
2019/10/18 20:15,4,52,0,8,0.772916667
2019/10/18 20:20,5,45,3,12,0.218333333
2019/10/18 20:25,6,18,28,14,0.486111111
2019/10/18 20:30,5,44,10,6,0.33
2019/10/18 20:35,4,53,3,4,0.289583333
2019/10/18 20:40,6,30,24,6,0.220833333
2019/10/18 20:45,5,27,33,0,0.416666667
2019/10/18 20:50,5,35,11,14,0.495
2019/10/18 20:55,6,45,4,11,0.204166667
2019/10/18 21:00,6,41,15,4,nan
2019/10/18 21:05,6,60,0,0,0.697222222
2019/10/18 21:10,6,60,0,0,0.775
2019/10/18 21:15,6,60,0,0,0.536111111
2019/10/18 21:20,6,60,0,0,0.580555556
2019/10/18 21:25,6,40,13,7,0.458333333
2019/10/18 21:30,6,60,0,0,0.6375
2019/10/18 21:35,6,60,0,0,0.394444444
2019/10/18 21:40,6,60,0,0,0.627777778
2019/10/18 21:45,6,60,0,0,0.623611111
2019/10/18 21:50,6,60,0,0,0.3625
2019/10/18 21:55,3,60,0,0,0.302777778
2019/10/18 22:00,6,60,0,0,0.627777778
2019/10/18 22:05,4,60,0,0,0.502083333
2019/10/18 22:10,5,60,0,0,0.725
2019/10/18 22:15,5,60,0,0,1.023333333
2019/10/18 22:20,5,60,0,0,0.488333333
2019/10/18 22:25,5,60,0,0,0.563333333
2019/10/18 22:30,5,60,0,0,0.965
2019/10/18 22:35,5,60,0,0,0.861666667
2019/10/18 22:40,5,60,0,0,0.533333333
2019/10/18 22:45,5,60,0,0,0.428333333
2019/10/18 22:50,5,60,0,0,1.145
2019/10/18 22:55,8,60,0,0,0.707291667
2019/10/18 23:00,5,54,0,6,0.536666667
2019/10/18 23:05,5,55,0,5,0.445
2019/10/18 23:10,5,55,5,0,0.92
2019/10/18 23:15,5,60,0,0,0.551666667
2019/10/18 23:20,5,60,0,0,0.54
2019/10/18 23:25,5,60,0,0,0.741666667
2019/10/18 23:30,3,60,0,0,0.638888889
2019/10/18 23:35,5,60,0,0,0.988333333
2019/10/18 23:40,5,60,0,0,0.646666667
2019/10/18 23:45,10,38,10,12,0.408333333
2019/10/18 23:50,7,57,3,0,0.591666667
2019/10/18 23:55,6,43,9,8,0.768055556
2019/10/19 0:00,6,60,0,0,0.865277778
2019/10/19 0:05,6,60,0,0,0.794444444
2019/10/19 0:10,4,60,0,0,0.4875
2019/10/19 0:15,5,60,0,0,0.646666667
2019/10/19 0:20,3,60,0,0,0.883333333
2019/10/19 0:25,5,60,0,0,0.893333333
2019/10/19 0:30,6,60,0,0,0.070833333
2019/10/19 0:35,5,60,0,0,0.653333333
2019/10/19 0:40,6,60,0,0,0.470833333
2019/10/19 0:45,4,60,0,0,0.266666667
2019/10/19 0:50,7,60,0,0,0.317857143
2019/10/19 0:55,3,60,0,0,1.036111111
2019/10/19 1:00,4,60,0,0,0.229166667
2019/10/19 1:05,4,60,0,0,0.077083333
2019/10/19 1:10,3,60,0,0,0.002777778
2019/10/19 1:15,7,60,0,0,0.448809524
2019/10/19 1:20,7,60,0,0,0.220238095
2019/10/19 1:25,7,60,0,0,0.653571429
2019/10/19 1:30,7,60,0,0,0.530952381
2019/10/19 1:35,6,60,0,0,0.686111111
2019/10/19 1:40,7,60,0,0,1.244047619
2019/10/19 1:45,7,60,0,0,1.307142857
2019/10/19 1:50,5,60,0,0,1.121666667
2019/10/19 1:55,6,60,0,0,1.048611111
2019/10/19 2:00,6,60,0,0,0.3375
2019/10/19 2:05,6,60,0,0,1.319444444
2019/10/19 2:10,5,60,0,0,0.378333333
2019/10/19 2:15,5,60,0,0,0.991666667
2019/10/19 2:20,3,60,0,0,0.25
2019/10/19 2:25,5,60,0,0,1.578333333
2019/10/19 2:30,6,60,0,0,0.472222222
2019/10/19 2:35,5,60,0,0,0.235
2019/10/19 2:40,5,60,0,0,0.006666667
2019/10/19 2:45,5,60,0,0,0
2019/10/19 2:50,5,60,0,0,0
2019/10/19 2:55,5,60,0,0,0
2019/10/19 3:00,4,60,0,0,0
2019/10/19 3:05,4,60,0,0,0
2019/10/19 3:10,5,60,0,0,0
2019/10/19 3:15,5,60,0,0,0
2019/10/19 3:20,4,60,0,0,0
2019/10/19 3:25,4,60,0,0,0
2019/10/19 3:30,4,60,0,0,0
2019/10/19 3:35,4,60,0,0,0
2019/10/19 3:40,5,60,0,0,0.583333333
2019/10/19 3:45,5,60,0,0,0.698333333
2019/10/19 3:50,3,55,5,0,0.322222222
2019/10/19 3:55,3,60,0,0,0.233333333
2019/10/19 4:00,3,60,0,0,0.177777778
2019/10/19 4:05,3,60,0,0,0.058333333
2019/10/19 4:10,3,60,0,0,0
2019/10/19 4:15,3,60,0,0,0.069444444
2019/10/19 4:20,3,60,0,0,0.197222222
2019/10/19 4:25,3,60,0,0,0
2019/10/19 4:30,3,60,0,0,0
2019/10/19 4:35,3,60,0,0,0
2019/10/19 4:40,3,59,1,0,0.008333333
2019/10/19 4:45,3,60,0,0,0
2019/10/19 4:50,3,60,0,0,0.002777778
2019/10/19 4:55,3,60,0,0,0
2019/10/19 5:00,3,60,0,0,0
2019/10/19 5:05,3,60,0,0,0
2019/10/19 5:10,3,60,0,0,0.058333333
2019/10/19 5:15,3,60,0,0,0.186111111
2019/10/19 5:20,3,60,0,0,0.197222222
2019/10/19 5:25,3,60,0,0,0.177777778
2019/10/19 5:30,3,60,0,0,0.136111111
2019/10/19 5:35,3,60,0,0,0.258333333
2019/10/19 5:40,3,60,0,0,0.188888889
2019/10/19 5:45,3,60,0,0,0.180555556
2019/10/19 5:50,3,60,0,0,0.519444444
2019/10/19 5:55,5,60,0,0,1.191666667
2019/10/19 6:00,3,60,0,0,0.705555556
2019/10/19 6:05,3,60,0,0,0.319444444
2019/10/19 6:10,5,60,0,0,0.941666667
2019/10/19 6:15,4,60,0,0,0.8375
2019/10/19 6:20,7,60,0,0,0.686904762
2019/10/19 6:25,7,60,0,0,1.05952381
2019/10/19 6:30,5,23,6,31,0.61
2019/10/19 6:35,5,25,18,17,0.338333333
2019/10/19 6:40,7,36,18,6,0.16547619
2019/10/19 6:45,8,27,33,0,0.134375
2019/10/19 6:50,4,54,6,0,0.139583333
2019/10/19 6:55,6,60,0,0,0.2375
2019/10/19 7:00,5,53,0,7,0.18
2019/10/19 7:05,6,60,0,0,0.031944444
2019/10/19 7:10,5,60,0,0,0
2019/10/19 7:15,7,46,0,14,0.19047619
2019/10/19 7:20,6,60,0,0,0.166666667
2019/10/19 7:25,4,60,0,0,0.458333333
2019/10/19 7:30,7,60,0,0,0.276190476
2019/10/19 7:35,8,60,0,0,0.08125
2019/10/19 7:40,5,60,0,0,0.16
2019/10/19 7:45,5,57,0,3,0.446666667
2019/10/19 7:50,3,47,0,13,0.208333333
2019/10/19 7:55,3,60,0,0,0.094444444
2019/10/19 8:00,4,60,0,0,nan
2019/10/19 8:05,7,60,0,0,0.025
2019/10/19 8:10,3,60,0,0,0.033333333
2019/10/19 8:15,7,60,0,0,0.123809524
2019/10/19 8:20,6,60,0,0,0
2019/10/19 8:25,6,60,0,0,0.383333333
2019/10/19 8:30,,,,,
2019/10/19 8:35,,,,,
2019/10/19 8:40,,,,,
2019/10/19 8:45,,,,,
2019/10/19 8:50,,,,,
2019/10/19 8:55,,,,,
2019/10/19 9:00,,,,,
2019/10/19 9:05,,,,,
2019/10/19 9:10,,,,,
2019/10/19 9:15,,,,,
2019/10/19 9:20,,,,,
2019/10/19 9:25,,,,,
2019/10/19 9:30,,,,,
2019/10/19 9:35,,,,,
2019/10/19 9:40,,,,,
2019/10/19 9:45,,,,,
2019/10/19 9:50,,,,,
2019/10/19 9:55,,,,,
2019/10/19 10:00,,,,,
2019/10/19 10:05,,,,,
2019/10/19 10:10,,,,,
2019/10/19 10:15,,,,,
2019/10/19 10:20,,,,,
2019/10/19 10:25,,,,,
2019/10/19 10:30,,,,,
2019/10/19 10:35,,,,,
2019/10/19 10:40,,,,,
2019/10/19 10:45,,,,,
2019/10/19 10:50,,,,,
2019/10/19 10:55,,,,,
2019/10/19 11:00,,,,,
2019/10/19 11:05,,,,,
2019/10/19 11:10,,,,,
2019/10/19 11:15,,,,,
2019/10/19 11:20,,,,,
2019/10/19 11:25,,,,,
2019/10/19 11:30,,,,,
2019/10/19 11:35,,,,,
2019/10/19 11:40,,,,,
2019/10/19 11:45,,,,,
2019/10/19 11:50,,,,,
2019/10/19 11:55,,,,,
2019/10/19 12:00,,,,,
2019/10/19 12:05,,,,,
2019/10/19 12:10,,,,,
2019/10/19 12:15,,,,,
2019/10/19 12:20,,,,,
2019/10/19 12:25,,,,,
2019/10/19 12:30,3,15,22,23,0.419444444
2019/10/19 12:35,3,21,23,16,0.619444444
2019/10/19 12:40,2,19,29,12,0.429166667
2019/10/19 12:45,3,4,56,0,0.033333333
2019/10/19 12:50,2,0,47,13,0.108333333
2019/10/19 12:55,2,12,48,0,0.058333333
2019/10/19 13:00,2,22,38,0,nan
2019/10/19 13:05,4,37,23,0,0.470833333
2019/10/19 13:10,4,9,35,16,0.3375
2019/10/19 13:15,3,5,38,17,0.169444444
2019/10/19 13:20,2,0,40,20,0.166666667
2019/10/19 13:25,1,12,25,23,0.383333333
2019/10/19 13:30,3,0,17,43,0.261111111
2019/10/19 13:35,2,0,58,2,0.133333333
2019/10/19 13:40,2,1,47,12,0.2375
2019/10/19 13:45,2,0,60,0,0.216666667
2019/10/19 13:50,2,1,59,0,0.379166667
2019/10/19 13:55,2,2,58,0,0.216666667
2019/10/19 14:00,2,1,59,0,nan
2019/10/19 14:05,2,0,60,0,0.175
2019/10/19 14:10,2,0,60,0,0.304166667
2019/10/19 14:15,2,0,60,0,0.283333333
2019/10/19 14:20,1,0,49,11,1.15
2019/10/19 14:25,1,8,45,7,0.4
2019/10/19 14:30,4,36,19,5,0.510416667
2019/10/19 14:35,5,12,38,10,0.281666667
2019/10/19 14:40,2,3,38,19,0.1375
2019/10/19 14:45,2,0,29,31,0.641666667
2019/10/19 14:50,2,0,39,21,0.570833333
2019/10/19 14:55,2,3,57,0,0.108333333
2019/10/19 15:00,2,0,53,7,0.258333333
2019/10/19 15:05,2,0,47,13,0.283333333
2019/10/19 15:10,3,0,51,9,0.2
2019/10/19 15:15,2,0,60,0,0.441666667
2019/10/19 15:20,2,11,49,0,0.308333333
2019/10/19 15:25,2,0,60,0,0.629166667
2019/10/19 15:30,2,0,60,0,0.741666667
2019/10/19 15:35,2,0,60,0,0.779166667
2019/10/19 15:40,1,15,45,0,0.566666667
2019/10/19 15:45,2,27,33,0,0.3375
2019/10/19 15:50,2,11,49,0,0.391666667
2019/10/19 15:55,3,29,31,0,0.416666667
2019/10/19 16:00,2,1,59,0,nan
2019/10/19 16:05,4,5,55,0,0.575
2019/10/19 16:10,2,2,58,0,0.495833333
2019/10/19 16:15,3,0,60,0,0.047222222
2019/10/19 16:20,4,0,60,0,0.441666667
2019/10/19 16:25,2,9,44,7,0.308333333
2019/10/19 16:30,1,3,49,8,0.6
2019/10/19 16:35,1,12,43,5,0.625
2019/10/19 16:40,1,39,16,5,0.216666667
2019/10/19 16:45,1,14,21,25,0.608333333
2019/10/19 16:50,3,8,42,10,0.727777778
2019/10/19 16:55,2,12,37,11,0.6
2019/10/19 17:00,3,17,43,0,nan
2019/10/19 17:05,5,15,45,0,0.148333333
2019/10/19 17:10,5,1,59,0,0.09
2019/10/19 17:15,4,15,45,0,0.1
2019/10/19 17:20,4,20,24,16,0.283333333
2019/10/19 17:25,2,3,36,21,0.191666667
2019/10/19 17:30,4,2,46,12,0.15
2019/10/19 17:35,5,3,57,0,0.165
2019/10/19 17:40,3,7,53,0,0.080555556
2019/10/19 17:45,5,0,60,0,0.553333333
2019/10/19 17:50,8,0,21,39,0.20952381
2019/10/19 17:55,3,7,26,27,0.236111111
2019/10/19 18:00,5,37,3,20,nan
2019/10/19 18:05,2,57,3,0,0.0625
2019/10/19 18:10,4,53,0,7,0.258333333
2019/10/19 18:15,4,60,0,0,0
2019/10/19 18:20,4,60,0,0,0
2019/10/19 18:25,4,60,0,0,0
2019/10/19 18:30,4,60,0,0,0
2019/10/19 18:35,4,60,0,0,0
2019/10/19 18:40,4,60,0,0,0
2019/10/19 18:45,4,60,0,0,0
2019/10/19 18:50,4,60,0,0,0
2019/10/19 18:55,4,60,0,0,0.002083333
2019/10/19 19:00,4,60,0,0,0
2019/10/19 19:05,4,60,0,0,0
2019/10/19 19:10,4,60,0,0,0
2019/10/19 19:15,4,60,0,0,0.002083333
2019/10/19 19:20,3,60,0,0,0
2019/10/19 19:25,3,60,0,0,0
2019/10/19 19:30,3,60,0,0,0.066666667
2019/10/19 19:35,2,60,0,0,0
2019/10/19 19:40,2,60,0,0,0
2019/10/19 19:45,2,60,0,0,0
2019/10/19 19:50,3,60,0,0,0
2019/10/19 19:55,3,60,0,0,0
2019/10/19 20:00,3,60,0,0,0.005555556
2019/10/19 20:05,2,60,0,0,0
2019/10/19 20:10,2,60,0,0,0
2019/10/19 20:15,2,60,0,0,0
2019/10/19 20:20,2,60,0,0,0
2019/10/19 20:25,5,34,0,26,0.195
2019/10/19 20:30,3,38,22,0,0.663888889
2019/10/19 20:35,3,5,41,14,0.402777778
2019/10/19 20:40,4,45,12,3,0.491666667
2019/10/19 20:45,8,60,0,0,0.657291667
2019/10/19 20:50,6,60,0,0,0.397222222
2019/10/19 20:55,3,56,3,1,0.7
2019/10/19 21:00,6,47,7,6,nan
2019/10/19 21:05,4,37,19,4,0.25
2019/10/19 21:10,5,32,28,0,0.335
2019/10/19 21:15,2,60,0,0,0.041666667
2019/10/19 21:20,2,56,4,0,0.033333333
2019/10/19 21:25,2,60,0,0,0
2019/10/19 21:30,2,60,0,0,0
2019/10/19 21:35,2,60,0,0,0
2019/10/19 21:40,2,60,0,0,0
2019/10/19 21:45,2,60,0,0,0.1
2019/10/19 21:50,6,60,0,0,0.203333333
2019/10/19 21:55,5,60,0,0,0
2019/10/19 22:00,6,60,0,0,0
2019/10/19 22:05,6,60,0,0,0
2019/10/19 22:10,6,60,0,0,0
2019/10/19 22:15,6,60,0,0,0.004166667
2019/10/19 22:20,7,60,0,0,0.008333333
2019/10/19 22:25,6,57,3,0,0.025
2019/10/19 22:30,8,60,0,0,0
2019/10/19 22:35,4,60,0,0,0
2019/10/19 22:40,4,60,0,0,0
2019/10/19 22:45,1,60,0,0,0.15
2019/10/19 22:50,8,60,0,0,0
2019/10/19 22:55,8,60,0,0,0
2019/10/19 23:00,9,60,0,0,0.003703704
2019/10/19 23:05,7,60,0,0,0
2019/10/19 23:10,6,60,0,0,0.004166667
2019/10/19 23:15,7,60,0,0,0.001388889
2019/10/19 23:20,7,60,0,0,0
2019/10/19 23:25,9,60,0,0,0.011458333
2019/10/19 23:30,5,60,0,0,0
2019/10/19 23:35,5,60,0,0,0.018333333
2019/10/19 23:40,6,60,0,0,0
2019/10/19 23:45,6,60,0,0,0
2019/10/19 23:50,5,60,0,0,0.005
2019/10/19 23:55,3,60,0,0,0.388888889
2019/10/20 0:00,2,60,0,0,0.1
2019/10/20 0:05,2,60,0,0,0.291666667
2019/10/20 0:10,2,60,0,0,0.291666667
2019/10/20 0:15,2,60,0,0,0.095833333
2019/10/20 0:20,2,60,0,0,0
2019/10/20 0:25,2,60,0,0,0
2019/10/20 0:30,1,60,0,0,0
2019/10/20 0:35,2,57,0,3,0.05
2019/10/20 0:40,2,60,0,0,0
2019/10/20 0:45,2,60,0,0,0
2019/10/20 0:50,2,44,16,0,0.133333333
2019/10/20 0:55,2,60,0,0,0
2019/10/20 1:00,2,60,0,0,0
2019/10/20 1:05,2,60,0,0,0
2019/10/20 1:10,2,60,0,0,0.4
2019/10/20 1:15,6,60,0,0,0.153333333
2019/10/20 1:20,8,60,0,0,0.167857143
2019/10/20 1:25,8,60,0,0,0.302380952
2019/10/20 1:30,6,60,0,0,0.068333333
2019/10/20 1:35,7,49,11,0,0.279761905
2019/10/20 1:40,6,60,0,0,0.15
2019/10/20 1:45,4,60,0,0,0.225
2019/10/20 1:50,4,60,0,0,0.0375
2019/10/20 1:55,4,60,0,0,0
2019/10/20 2:00,4,60,0,0,0.008333333
2019/10/20 2:05,4,60,0,0,0
2019/10/20 2:10,4,60,0,0,0
2019/10/20 2:15,4,60,0,0,0.002083333
2019/10/20 2:20,4,60,0,0,0
2019/10/20 2:25,4,60,0,0,0
2019/10/20 2:30,4,60,0,0,0
2019/10/20 2:35,4,60,0,0,0
2019/10/20 2:40,3,60,0,0,0
2019/10/20 2:45,3,60,0,0,0
2019/10/20 2:50,4,60,0,0,0
2019/10/20 2:55,4,60,0,0,0
2019/10/20 3:00,4,60,0,0,0
2019/10/20 3:05,1,60,0,0,0
2019/10/20 3:10,1,60,0,0,0
2019/10/20 3:15,4,60,0,0,0.020833333
2019/10/20 3:20,4,60,0,0,0
2019/10/20 3:25,4,60,0,0,0
2019/10/20 3:30,1,60,0,0,0
2019/10/20 3:35,1,60,0,0,0
2019/10/20 3:40,1,60,0,0,0
2019/10/20 3:45,1,60,0,0,0
2019/10/20 3:50,1,60,0,0,0
2019/10/20 3:55,1,60,0,0,0
2019/10/20 4:00,1,60,0,0,0
2019/10/20 4:05,4,60,0,0,0.075
2019/10/20 4:10,4,60,0,0,0
2019/10/20 4:15,4,60,0,0,0
2019/10/20 4:20,4,60,0,0,0
2019/10/20 4:25,4,60,0,0,0
2019/10/20 4:30,4,60,0,0,0
2019/10/20 4:35,4,60,0,0,0
2019/10/20 4:40,4,60,0,0,0
2019/10/20 4:45,4,60,0,0,0
2019/10/20 4:50,4,60,0,0,0.014583333
2019/10/20 4:55,4,60,0,0,0.010416667
2019/10/20 5:00,4,60,0,0,0
2019/10/20 5:05,4,60,0,0,0
2019/10/20 5:10,4,60,0,0,0
2019/10/20 5:15,6,60,0,0,0
2019/10/20 5:20,5,60,0,0,0
2019/10/20 5:25,4,60,0,0,0.041666667
2019/10/20 5:30,4,60,0,0,0
2019/10/20 5:35,1,60,0,0,0
2019/10/20 5:40,1,60,0,0,0
2019/10/20 5:45,4,60,0,0,0.170833333
2019/10/20 5:50,3,60,0,0,0.075
2019/10/20 5:55,2,60,0,0,0
2019/10/20 6:00,2,60,0,0,0.004166667
2019/10/20 6:05,2,60,0,0,0
2019/10/20 6:10,2,23,0,37,0.383333333
2019/10/20 6:15,5,37,23,0,0.353333333
2019/10/20 6:20,2,41,7,12,0.183333333
2019/10/20 6:25,2,26,34,0,0.195833333
2019/10/20 6:30,2,33,27,0,0.225
2019/10/20 6:35,2,47,13,0,0.108333333
2019/10/20 6:40,3,60,0,0,0.327777778
2019/10/20 6:45,6,60,0,0,0.598611111
2019/10/20 6:50,2,60,0,0,0.291666667
2019/10/20 6:55,3,60,0,0,0.133333333
2019/10/20 7:00,7,60,0,0,nan
2019/10/20 7:05,5,60,0,0,0.206666667
2019/10/20 7:10,5,60,0,0,0.493333333
2019/10/20 7:15,6,60,0,0,0.363888889
2019/10/20 7:20,4,60,0,0,0.270833333
2019/10/20 7:25,6,60,0,0,0.316666667
2019/10/20 7:30,4,58,0,2,0.370833333
2019/10/20 7:35,3,60,0,0,0.819444444
2019/10/20 7:40,3,54,0,6,0.330555556
2019/10/20 7:45,6,44,0,16,0.204166667
2019/10/20 7:50,5,60,0,0,0.165
2019/10/20 7:55,3,60,0,0,0.311111111
2019/10/20 8:00,7,60,0,0,nan
2019/10/20 8:05,7,60,0,0,0.077777778
2019/10/20 8:10,6,52,8,0,0.086111111
2019/10/20 8:15,7,60,0,0,0.028571429
2019/10/20 8:20,4,60,0,0,0.0625
2019/10/20 8:25,9,47,0,13,0.175925926
2019/10/20 8:30,,,,,
2019/10/20 8:35,,,,,
2019/10/20 8:40,,,,,
2019/10/20 8:45,,,,,
2019/10/20 8:50,,,,,
2019/10/20 8:55,,,,,
2019/10/20 9:00,,,,,
2019/10/20 9:05,,,,,
2019/10/20 9:10,,,,,
2019/10/20 9:15,,,,,
2019/10/20 9:20,,,,,
2019/10/20 9:25,,,,,
2019/10/20 9:30,,,,,
2019/10/20 9:35,,,,,
2019/10/20 9:40,,,,,
2019/10/20 9:45,,,,,
2019/10/20 9:50,,,,,
2019/10/20 9:55,,,,,
2019/10/20 10:00,,,,,
2019/10/20 10:05,,,,,
2019/10/20 10:10,,,,,
2019/10/20 10:15,,,,,
2019/10/20 10:20,,,,,
2019/10/20 10:25,,,,,
2019/10/20 10:30,,,,,
2019/10/20 10:35,,,,,
2019/10/20 10:40,,,,,
2019/10/20 10:45,,,,,
2019/10/20 10:50,,,,,
2019/10/20 10:55,,,,,
2019/10/20 11:00,,,,,
2019/10/20 11:05,,,,,
2019/10/20 11:10,,,,,
2019/10/20 11:15,,,,,
2019/10/20 11:20,,,,,
2019/10/20 11:25,,,,,
2019/10/20 11:30,,,,,
2019/10/20 11:35,,,,,
2019/10/20 11:40,,,,,
2019/10/20 11:45,,,,,
2019/10/20 11:50,,,,,
2019/10/20 11:55,,,,,
2019/10/20 12:00,,,,,
2019/10/20 12:05,,,,,
2019/10/20 12:10,,,,,
2019/10/20 12:15,,,,,
2019/10/20 12:20,,,,,
2019/10/20 12:25,,,,,
2019/10/20 12:30,1,0,60,0,0.65
2019/10/20 12:35,5,0,60,0,0.023333333
2019/10/20 12:40,8,0,58,2,0.067708333
2019/10/20 12:45,4,0,55,5,0.114583333
2019/10/20 12:50,4,0,60,0,0.310416667
2019/10/20 12:55,1,0,60,0,0.991666667
2019/10/20 13:00,1,0,60,0,0.991666667
2019/10/20 13:05,1,0,60,0,0.366666667
2019/10/20 13:10,1,0,56,4,0.708333333
2019/10/20 13:15,5,0,42,18,0.238333333
2019/10/20 13:20,8,0,60,0,0.03125
2019/10/20 13:25,5,0,60,0,0.13
2019/10/20 13:30,7,0,60,0,0
2019/10/20 13:35,8,0,60,0,0.033333333
2019/10/20 13:40,6,0,60,0,0.218055556
2019/10/20 13:45,6,0,60,0,0.304166667
2019/10/20 13:50,7,5,55,0,0.191666667
2019/10/20 13:55,5,0,60,0,0.08
2019/10/20 14:00,3,0,60,0,nan
2019/10/20 14:05,4,0,50,10,0.385416667
2019/10/20 14:10,6,5,50,5,0.201388889
2019/10/20 14:15,5,0,60,0,0.191666667
2019/10/20 14:20,1,0,47,13,1.208333333
2019/10/20 14:25,1,6,54,0,0.725
2019/10/20 14:30,1,5,55,0,0.425
2019/10/20 14:35,4,0,60,0,0.072916667
2019/10/20 14:40,6,0,60,0,0.073611111
2019/10/20 14:45,2,0,60,0,0.495833333
2019/10/20 14:50,4,0,56,4,0.341666667
2019/10/20 14:55,5,0,60,0,0.16
2019/10/20 15:00,7,0,60,0,nan
2019/10/20 15:05,5,0,60,0,0.24
2019/10/20 15:10,1,14,16,30,0.866666667
2019/10/20 15:15,1,0,58,2,1.025
2019/10/20 15:20,7,0,50,10,0.205555556
2019/10/20 15:25,3,0,60,0,0.280555556
2019/10/20 15:30,2,1,59,0,0.420833333
2019/10/20 15:35,1,0,60,0,0.991666667
2019/10/20 15:40,1,9,51,0,0.441666667
2019/10/20 15:45,1,29,31,0,0.416666667
2019/10/20 15:50,1,24,22,14,0.533333333
2019/10/20 15:55,6,26,24,10,0.3375
2019/10/20 16:00,6,1,29,30,0.902777778
2019/10/20 16:05,6,0,60,0,0.320833333
2019/10/20 16:10,6,0,60,0,0.190277778
2019/10/20 16:15,7,0,60,0,0.196428571
2019/10/20 16:20,2,0,60,0,0.383333333
2019/10/20 16:25,1,3,57,0,0.308333333
2019/10/20 16:30,1,8,52,0,0.733333333
2019/10/20 16:35,1,2,56,2,0.725
2019/10/20 16:40,1,7,45,8,0.408333333
2019/10/20 16:45,1,4,56,0,0.616666667
2019/10/20 16:50,1,6,54,0,0.741666667
2019/10/20 16:55,2,6,54,0,0.441666667
2019/10/20 17:00,2,2,58,0,0.766666667
2019/10/20 17:05,2,5,55,0,0.608333333
2019/10/20 17:10,2,7,45,8,0.633333333
2019/10/20 17:15,3,0,60,0,0.361111111
2019/10/20 17:20,1,0,60,0,0.225
2019/10/20 17:25,3,2,49,9,0.158333333
2019/10/20 17:30,3,0,57,3,0.027777778
2019/10/20 17:35,2,4,37,19,0.208333333
2019/10/20 17:40,4,32,18,10,0.345833333
2019/10/20 17:45,5,42,3,15,0.511666667
2019/10/20 17:50,3,29,19,12,0.272222222
2019/10/20 17:55,3,42,15,3,0.527777778
2019/10/20 18:00,5,60,0,0,0.351666667
2019/10/20 18:05,6,60,0,0,0.116666667
2019/10/20 18:10,6,60,0,0,0.0125
2019/10/20 18:15,6,60,0,0,0.256944444
2019/10/20 18:20,6,60,0,0,0.15
2019/10/20 18:25,6,60,0,0,0.031944444
2019/10/20 18:30,6,60,0,0,0
2019/10/20 18:35,6,60,0,0,0
2019/10/20 18:40,2,60,0,0,0.041666667
2019/10/20 18:45,6,60,0,0,0
2019/10/20 18:50,6,60,0,0,0
2019/10/20 18:55,6,60,0,0,0
2019/10/20 19:00,1,60,0,0,0
2019/10/20 19:05,6,60,0,0,0
2019/10/20 19:10,6,60,0,0,0.0375
2019/10/20 19:15,6,60,0,0,0.030555556
2019/10/20 19:20,6,60,0,0,0
2019/10/20 19:25,6,60,0,0,0
2019/10/20 19:30,6,60,0,0,0.004166667
2019/10/20 19:35,5,60,0,0,0
2019/10/20 19:40,5,60,0,0,0
2019/10/20 19:45,5,60,0,0,0
2019/10/20 19:50,5,60,0,0,0.003333333
2019/10/20 19:55,5,60,0,0,0
2019/10/20 20:00,6,60,0,0,0.002777778
2019/10/20 20:05,6,60,0,0,0
2019/10/20 20:10,6,57,0,3,0.055555556
2019/10/20 20:15,7,23,3,34,0.385714286
2019/10/20 20:20,4,45,15,0,0.479166667
2019/10/20 20:25,4,24,24,12,0.230555556
2019/10/20 20:30,3,33,15,12,0.238888889
2019/10/20 20:35,3,50,10,0,0.05
2019/10/20 20:40,3,60,0,0,0
2019/10/20 20:45,3,60,0,0,0.002777778
2019/10/20 20:50,3,60,0,0,0
2019/10/20 20:55,4,60,0,0,0.089583333
2019/10/20 21:00,5,60,0,0,0.254166667
2019/10/20 21:05,3,34,22,4,0.208333333
2019/10/20 21:10,4,26,34,0,0.24375
2019/10/20 21:15,4,34,2,24,0.416666667
2019/10/20 21:20,5,51,2,7,0.308333333
2019/10/20 21:25,7,60,0,0,0.233333333
2019/10/20 21:30,3,60,0,0,0.1
2019/10/20 21:35,3,60,0,0,0
2019/10/20 21:40,6,57,0,3,0.095833333
2019/10/20 21:45,3,54,6,0,0.05
2019/10/20 21:50,3,60,0,0,0
2019/10/20 21:55,3,60,0,0,0
2019/10/20 22:00,3,60,0,0,0
2019/10/20 22:05,3,60,0,0,0
2019/10/20 22:10,3,60,0,0,0
2019/10/20 22:15,3,60,0,0,0.005555556
2019/10/20 22:20,3,60,0,0,0
2019/10/20 22:25,3,60,0,0,0.008333333
2019/10/20 22:30,3,60,0,0,0
2019/10/20 22:35,3,60,0,0,0.005555556
2019/10/20 22:40,3,60,0,0,0
2019/10/20 22:45,3,60,0,0,0
2019/10/20 22:50,6,60,0,0,0.001388889
2019/10/20 22:55,3,60,0,0,0.016666667
2019/10/20 23:00,6,60,0,0,nan
2019/10/20 23:05,3,60,0,0,0.05
2019/10/20 23:10,2,60,0,0,0.066666667
2019/10/20 23:15,5,59,1,0,0.058333333
2019/10/20 23:20,5,60,0,0,0
2019/10/20 23:25,3,43,3,14,0.233333333
2019/10/20 23:30,3,47,13,0,0.783333333
2019/10/20 23:35,5,57,3,0,0.46
2019/10/20 23:40,3,60,0,0,0.783333333
2019/10/20 23:45,5,60,0,0,0.25
2019/10/20 23:50,4,52,8,0,0.10625
2019/10/20 23:55,3,60,0,0,0.658333333
2019/10/21 0:00,4,52,0,8,nan
2019/10/21 0:05,5,58,2,0,0.3
2019/10/21 0:10,2,48,12,0,1.170833333
2019/10/21 0:15,6,56,0,4,0.097222222
2019/10/21 0:20,1,60,0,0,1.266666667
2019/10/21 0:25,1,60,0,0,0.575
2019/10/21 0:30,3,60,0,0,0.2
2019/10/21 0:35,5,60,0,0,0
2019/10/21 0:40,8,60,0,0,0
2019/10/21 0:45,6,60,0,0,0
2019/10/21 0:50,6,60,0,0,0.001388889
2019/10/21 0:55,7,60,0,0,0
2019/10/21 1:00,1,60,0,0,0.008333333
2019/10/21 1:05,1,60,0,0,0
2019/10/21 1:10,1,60,0,0,0
2019/10/21 1:15,2,60,0,0,0
2019/10/21 1:20,3,60,0,0,0
2019/10/21 1:25,3,60,0,0,0
2019/10/21 1:30,3,60,0,0,0
2019/10/21 1:35,3,60,0,0,0
2019/10/21 1:40,3,60,0,0,0
2019/10/21 1:45,4,60,0,0,0
2019/10/21 1:50,4,60,0,0,0
2019/10/21 1:55,1,60,0,0,0
2019/10/21 2:00,2,60,0,0,0
2019/10/21 2:05,3,60,0,0,0
2019/10/21 2:10,2,60,0,0,0.004166667
2019/10/21 2:15,3,60,0,0,0
2019/10/21 2:20,2,60,0,0,0
2019/10/21 2:25,2,60,0,0,0
2019/10/21 2:30,2,60,0,0,0
2019/10/21 2:35,2,60,0,0,0
2019/10/21 2:40,2,60,0,0,0
2019/10/21 2:45,2,60,0,0,0
2019/10/21 2:50,2,53,7,0,0.058333333
2019/10/21 2:55,2,60,0,0,0
2019/10/21 3:00,3,60,0,0,0
2019/10/21 3:05,4,60,0,0,0.014583333
2019/10/21 3:10,4,60,0,0,0
2019/10/21 3:15,4,60,0,0,0
2019/10/21 3:20,4,60,0,0,0
2019/10/21 3:25,4,60,0,0,0
2019/10/21 3:30,4,60,0,0,0
2019/10/21 3:35,2,60,0,0,0
2019/10/21 3:40,3,60,0,0,0
2019/10/21 3:45,10,60,0,0,0
2019/10/21 3:50,9,60,0,0,0.009375
2019/10/21 3:55,1,60,0,0,0
2019/10/21 4:00,1,60,0,0,0
2019/10/21 4:05,4,60,0,0,0.0125
2019/10/21 4:10,6,53,7,0,0.058333333
2019/10/21 4:15,4,60,0,0,0.054166667
2019/10/21 4:20,3,60,0,0,0
2019/10/21 4:25,3,60,0,0,0
2019/10/21 4:30,3,60,0,0,0
2019/10/21 4:35,3,60,0,0,0
2019/10/21 4:40,4,60,0,0,0
2019/10/21 4:45,4,60,0,0,0
2019/10/21 4:50,4,60,0,0,0.0125
2019/10/21 4:55,4,60,0,0,0
2019/10/21 5:00,4,60,0,0,0
2019/10/21 5:05,4,60,0,0,0
2019/10/21 5:10,4,60,0,0,0
2019/10/21 5:15,1,60,0,0,0
2019/10/21 5:20,4,60,0,0,0
2019/10/21 5:25,4,60,0,0,0.004166667
2019/10/21 5:30,4,60,0,0,0.054166667
2019/10/21 5:35,3,48,3,9,0.102777778
2019/10/21 5:40,1,28,9,23,0.408333333
2019/10/21 5:45,1,54,2,4,0.133333333
2019/10/21 5:50,1,44,16,0,0.133333333
2019/10/21 5:55,1,51,9,0,0.075
2019/10/21 6:00,1,60,0,0,0
2019/10/21 6:05,1,60,0,0,0
2019/10/21 6:10,1,60,0,0,0.233333333
2019/10/21 6:15,2,52,0,8,0.591666667
2019/10/21 6:20,4,55,0,5,0.464583333
2019/10/21 6:25,3,32,18,10,0.297222222
2019/10/21 6:30,6,49,11,0,0.270833333
2019/10/21 6:35,5,33,16,11,0.303333333
2019/10/21 6:40,6,44,7,9,0.195833333
2019/10/21 6:45,8,60,0,0,0.057291667
2019/10/21 6:50,6,60,0,0,0.1
2019/10/21 6:55,8,51,0,9,0.188541667
2019/10/21 7:00,8,60,0,0,nan
2019/10/21 7:05,8,60,0,0,0
2019/10/21 7:10,7,60,0,0,0
2019/10/21 7:15,8,60,0,0,0
2019/10/21 7:20,8,60,0,0,0
2019/10/21 7:25,8,60,0,0,0.015625
2019/10/21 7:30,7,60,0,0,0.042857143
2019/10/21 7:35,6,60,0,0,0.030555556
2019/10/21 7:40,6,60,0,0,0
2019/10/21 7:45,1,60,0,0,0
2019/10/21 7:50,1,60,0,0,0
2019/10/21 7:55,1,60,0,0,0
2019/10/21 8:00,4,60,0,0,nan
2019/10/21 8:05,4,60,0,0,0.0125
2019/10/21 8:10,1,60,0,0,0.2
2019/10/21 8:15,6,60,0,0,0.380555556
2019/10/21 8:20,5,53,0,7,0.095
2019/10/21 8:25,3,60,0,0,0.044444444
2019/10/21 8:30,,,,,
2019/10/21 8:35,,,,,
2019/10/21 8:40,,,,,
2019/10/21 8:45,,,,,
2019/10/21 8:50,,,,,
2019/10/21 8:55,,,,,
2019/10/21 9:00,,,,,
2019/10/21 9:05,,,,,
2019/10/21 9:10,,,,,
2019/10/21 9:15,,,,,
2019/10/21 9:20,,,,,
2019/10/21 9:25,,,,,
2019/10/21 9:30,,,,,
2019/10/21 9:35,,,,,
2019/10/21 9:40,,,,,
2019/10/21 9:45,,,,,
2019/10/21 9:50,,,,,
2019/10/21 9:55,,,,,
2019/10/21 10:00,,,,,
2019/10/21 10:05,,,,,
2019/10/21 10:10,,,,,
2019/10/21 10:15,,,,,
2019/10/21 10:20,,,,,
2019/10/21 10:25,,,,,
2019/10/21 10:30,,,,,
2019/10/21 10:35,,,,,
2019/10/21 10:40,,,,,
2019/10/21 10:45,,,,,
2019/10/21 10:50,,,,,
2019/10/21 10:55,,,,,
2019/10/21 11:00,,,,,
2019/10/21 11:05,,,,,
2019/10/21 11:10,,,,,
2019/10/21 11:15,,,,,
2019/10/21 11:20,,,,,
2019/10/21 11:25,,,,,
2019/10/21 11:30,,,,,
2019/10/21 11:35,,,,,
2019/10/21 11:40,,,,,
2019/10/21 11:45,,,,,
2019/10/21 11:50,,,,,
2019/10/21 11:55,,,,,
2019/10/21 12:00,,,,,
2019/10/21 12:05,,,,,
2019/10/21 12:10,,,,,
2019/10/21 12:15,,,,,
2019/10/21 12:20,,,,,
2019/10/21 12:25,,,,,
2019/10/21 12:30,4,0,51,9,0.170833333
2019/10/21 12:35,2,0,48,12,0.166666667
2019/10/21 12:40,7,0,54,6,0.038095238
2019/10/21 12:45,6,24,26,10,0.393055556
2019/10/21 12:50,1,0,38,22,0.65
2019/10/21 12:55,1,0,46,14,0.491666667
2019/10/21 13:00,5,0,60,0,0.021666667
2019/10/21 13:05,4,0,60,0,0.022916667
2019/10/21 13:10,1,0,41,19,0.208333333
2019/10/21 13:15,4,0,60,0,0.00625
2019/10/21 13:20,9,0,60,0,0.007291667
2019/10/21 13:25,10,0,60,0,0.091666667
2019/10/21 13:30,7,0,60,0,0.165277778
2019/10/21 13:35,2,1,59,0,0.458333333
2019/10/21 13:40,3,3,57,0,0.102777778
2019/10/21 13:45,4,0,60,0,0.160416667
2019/10/21 13:50,4,13,47,0,0.51875
2019/10/21 13:55,5,0,48,12,0.210416667
2019/10/21 14:00,6,2,58,0,0.321666667
2019/10/21 14:05,3,22,38,0,0.177777778
2019/10/21 14:10,2,8,52,0,0.1375
2019/10/21 14:15,2,2,58,0,0.229166667
2019/10/21 14:20,3,6,45,9,0.366666667
2019/10/21 14:25,4,3,57,0,0.185416667
2019/10/21 14:30,7,2,58,0,0.138095238
2019/10/21 14:35,4,0,60,0,0.108333333
2019/10/21 14:40,1,1,59,0,0.35
2019/10/21 14:45,3,3,57,0,0.125
2019/10/21 14:50,6,0,60,0,0.135
2019/10/21 14:55,4,0,60,0,0.052083333
2019/10/21 15:00,6,0,60,0,0.01
2019/10/21 15:05,1,3,57,0,0.025
2019/10/21 15:10,8,0,42,18,0.165625
2019/10/21 15:15,1,0,49,11,0.091666667
2019/10/21 15:20,1,14,13,33,0.525
2019/10/21 15:25,1,2,38,20,0.375
2019/10/21 15:30,1,0,60,0,0.991666667
2019/10/21 15:35,1,24,36,0,0.383333333
2019/10/21 15:40,1,12,41,7,0.425
2019/10/21 15:45,1,43,9,8,0.208333333
2019/10/21 15:50,1,45,15,0,0.116666667
2019/10/21 15:55,1,14,46,0,0.291666667
2019/10/21 16:00,4,15,21,24,0.44375
2019/10/21 16:05,5,0,29,31,0.436666667
2019/10/21 16:10,3,3,21,36,0.361111111
2019/10/21 16:15,5,2,58,0,0.52
2019/10/21 16:20,3,6,38,16,0.269444444
2019/10/21 16:25,6,1,46,13,0.419444444
2019/10/21 16:30,4,0,38,22,0.225
2019/10/21 16:35,4,3,57,0,0.06875
2019/10/21 16:40,7,8,12,40,0.213888889
2019/10/21 16:45,5,11,45,4,0.172916667
2019/10/21 16:50,2,6,54,0,0.225
2019/10/21 16:55,7,7,53,0,0.102380952
2019/10/21 17:00,4,0,60,0,nan
2019/10/21 17:05,3,18,42,0,0.169444444
2019/10/21 17:10,4,3,50,7,0.283333333
2019/10/21 17:15,7,0,60,0,0.276190476
2019/10/21 17:20,5,26,28,6,0.316666667
2019/10/21 17:25,6,9,30,21,0.269444444
2019/10/21 17:30,3,0,60,0,0.361111111
2019/10/21 17:35,5,0,60,0,0.178333333
2019/10/21 17:40,1,5,30,25,0.491666667
2019/10/21 17:45,1,30,30,0,0.008333333
2019/10/21 17:50,3,47,4,9,0.577777778
2019/10/21 17:55,3,60,0,0,0.766666667
2019/10/21 18:00,4,45,3,12,nan
2019/10/21 18:05,4,60,0,0,0.479166667
2019/10/21 18:10,4,60,0,0,0.072916667
2019/10/21 18:15,3,60,0,0,0.558333333
2019/10/21 18:20,2,36,5,19,0.545833333
2019/10/21 18:25,1,60,0,0,0.85
2019/10/21 18:30,1,33,21,6,0.25
2019/10/21 18:35,2,60,0,0,0.729166667
2019/10/21 18:40,3,54,0,6,0.166666667
2019/10/21 18:45,3,40,12,8,0.233333333
2019/10/21 18:50,2,53,3,4,0.091666667
2019/10/21 18:55,2,30,2,28,0.433333333
2019/10/21 19:00,3,37,10,13,0.166666667
2019/10/21 19:05,1,46,9,5,1.433333333
2019/10/21 19:10,1,60,0,0,1.416666667
2019/10/21 19:15,3,60,0,0,0.127777778
2019/10/21 19:20,3,60,0,0,0
2019/10/21 19:25,3,60,0,0,0
2019/10/21 19:30,3,43,14,3,0.166666667
2019/10/21 19:35,7,33,16,11,0.680952381
2019/10/21 19:40,9,60,0,0,0.886111111
2019/10/21 19:45,5,60,0,0,0.616666667
2019/10/21 19:50,5,44,0,16,0.293333333
2019/10/21 19:55,2,44,6,10,0.6125
2019/10/21 20:00,3,27,32,1,nan
2019/10/21 20:05,6,44,16,0,0.351666667
2019/10/21 20:10,4,60,0,0,1.085416667
2019/10/21 20:15,2,60,0,0,0.420833333
2019/10/21 20:20,2,60,0,0,0.658333333
2019/10/21 20:25,3,60,0,0,0.188888889
2019/10/21 20:30,4,60,0,0,0
2019/10/21 20:35,4,28,9,23,0.352083333
2019/10/21 20:40,4,35,3,22,0.391666667
2019/10/21 20:45,4,54,3,3,0.075
2019/10/21 20:50,5,60,0,0,0.19
2019/10/21 20:55,5,50,0,10,0.361666667
2019/10/21 21:00,3,42,11,7,0.330555556
2019/10/21 21:05,4,60,0,0,0.0625
2019/10/21 21:10,4,60,0,0,0
2019/10/21 21:15,1,60,0,0,0
2019/10/21 21:20,1,60,0,0,0
2019/10/21 21:25,4,60,0,0,0
2019/10/21 21:30,4,60,0,0,0
2019/10/21 21:35,3,60,0,0,0
2019/10/21 21:40,3,60,0,0,0
2019/10/21 21:45,3,60,0,0,0
2019/10/21 21:50,4,60,0,0,0.014583333
2019/10/21 21:55,4,60,0,0,0
2019/10/21 22:00,4,60,0,0,0
2019/10/21 22:05,3,60,0,0,0.013888889
2019/10/21 22:10,4,60,0,0,0.004166667
2019/10/21 22:15,4,60,0,0,0.0125
2019/10/21 22:20,4,60,0,0,0.095833333
2019/10/21 22:25,4,60,0,0,0
2019/10/21 22:30,4,60,0,0,0
2019/10/21 22:35,4,60,0,0,0
2019/10/21 22:40,4,60,0,0,0.258333333
2019/10/21 22:45,2,51,2,7,0.341666667
2019/10/21 22:50,2,42,13,5,0.216666667
2019/10/21 22:55,2,60,0,0,0.041666667
2019/10/21 23:00,6,60,0,0,0.17
2019/10/21 23:05,6,60,0,0,0.803333333
2019/10/21 23:10,3,60,0,0,0.625
2019/10/21 23:15,6,60,0,0,1.009722222
2019/10/21 23:20,2,60,0,0,0.516666667
2019/10/21 23:25,2,50,0,10,0.35
2019/10/21 23:30,5,58,0,2,0.655
2019/10/21 23:35,1,60,0,0,0.541666667
2019/10/21 23:40,5,54,0,6,0.146666667
2019/10/21 23:45,1,43,5,12,0.583333333
2019/10/21 23:50,2,32,14,14,0.320833333
2019/10/21 23:55,1,26,17,17,0.3
2019/10/22 0:00,2,34,20,6,nan
2019/10/22 0:05,2,46,8,6,0.2625
2019/10/22 0:10,3,46,0,14,0.363888889
2019/10/22 0:15,3,47,0,13,0.313888889
2019/10/22 0:20,2,60,0,0,0.008333333
2019/10/22 0:25,2,60,0,0,0
2019/10/22 0:30,2,60,0,0,0
2019/10/22 0:35,2,60,0,0,0
2019/10/22 0:40,2,60,0,0,0.004166667
2019/10/22 0:45,4,60,0,0,0
2019/10/22 0:50,4,60,0,0,0
2019/10/22 0:55,4,60,0,0,0.00625
2019/10/22 1:00,3,60,0,0,nan
2019/10/22 1:05,3,60,0,0,0
2019/10/22 1:10,4,60,0,0,0
2019/10/22 1:15,4,60,0,0,0
2019/10/22 1:20,2,60,0,0,0.0625
2019/10/22 1:25,4,60,0,0,0
2019/10/22 1:30,4,60,0,0,0
2019/10/22 1:35,4,60,0,0,0
2019/10/22 1:40,2,60,0,0,0
2019/10/22 1:45,4,60,0,0,0
2019/10/22 1:50,2,60,0,0,0
2019/10/22 1:55,2,60,0,0,0.020833333
2019/10/22 2:00,4,60,0,0,0
2019/10/22 2:05,4,60,0,0,0
2019/10/22 2:10,1,60,0,0,0
2019/10/22 2:15,2,60,0,0,0
2019/10/22 2:20,2,60,0,0,0.058333333
2019/10/22 2:25,2,60,0,0,0
2019/10/22 2:30,2,60,0,0,0
2019/10/22 2:35,2,60,0,0,0
2019/10/22 2:40,2,60,0,0,0
2019/10/22 2:45,4,60,0,0,0
2019/10/22 2:50,4,54,0,6,0.1625
2019/10/22 2:55,5,55,0,5,0.253333333
2019/10/22 3:00,2,60,0,0,0
2019/10/22 3:05,2,60,0,0,0
2019/10/22 3:10,5,60,0,0,0.006666667
2019/10/22 3:15,7,60,0,0,0.021428571
2019/10/22 3:20,6,60,0,0,0
2019/10/22 3:25,2,60,0,0,0
2019/10/22 3:30,3,60,0,0,0
2019/10/22 3:35,3,60,0,0,0
2019/10/22 3:40,2,60,0,0,0
2019/10/22 3:45,2,60,0,0,0
2019/10/22 3:50,3,60,0,0,0
2019/10/22 3:55,5,60,0,0,0.006666667
2019/10/22 4:00,3,57,3,0,0.025
2019/10/22 4:05,3,57,3,0,0.088888889
2019/10/22 4:10,3,60,0,0,0
2019/10/22 4:15,3,60,0,0,0
2019/10/22 4:20,3,60,0,0,0.022222222
2019/10/22 4:25,4,60,0,0,0.0125
2019/10/22 4:30,3,60,0,0,0
2019/10/22 4:35,3,60,0,0,0
2019/10/22 4:40,3,60,0,0,0
2019/10/22 4:45,2,60,0,0,0
2019/10/22 4:50,6,60,0,0,0
2019/10/22 4:55,3,60,0,0,0
2019/10/22 5:00,3,59,1,0,0.008333333
2019/10/22 5:05,3,60,0,0,0
2019/10/22 5:10,3,60,0,0,0
2019/10/22 5:15,4,60,0,0,0
2019/10/22 5:20,6,60,0,0,0
2019/10/22 5:25,3,60,0,0,0
2019/10/22 5:30,2,60,0,0,0
2019/10/22 5:35,2,60,0,0,0
2019/10/22 5:40,2,60,0,0,0
2019/10/22 5:45,2,60,0,0,0
2019/10/22 5:50,2,60,0,0,0
2019/10/22 5:55,2,60,0,0,0
2019/10/22 6:00,3,60,0,0,0
2019/10/22 6:05,6,60,0,0,0
2019/10/22 6:10,2,60,0,0,0.058333333
2019/10/22 6:15,3,60,0,0,0.466666667
2019/10/22 6:20,4,50,0,10,0.4625
2019/10/22 6:25,5,14,25,21,0.413333333
2019/10/22 6:30,8,21,32,7,0.197916667
2019/10/22 6:35,3,49,6,5,0.216666667
2019/10/22 6:40,7,50,2,8,0.451190476
2019/10/22 6:45,5,44,16,0,0.291666667
2019/10/22 6:50,5,60,0,0,0.295
2019/10/22 6:55,4,60,0,0,0
2019/10/22 7:00,6,55,5,0,0.126388889
2019/10/22 7:05,1,60,0,0,0
2019/10/22 7:10,3,60,0,0,0.022222222
2019/10/22 7:15,6,60,0,0,0.015277778
2019/10/22 7:20,5,55,0,5,0.083333333
2019/10/22 7:25,7,60,0,0,0.126190476
2019/10/22 7:30,5,60,0,0,0.043333333
2019/10/22 7:35,6,60,0,0,0.293055556
2019/10/22 7:40,3,60,0,0,0.544444444
2019/10/22 7:45,7,60,0,0,0.136904762
2019/10/22 7:50,5,60,0,0,0
2019/10/22 7:55,4,60,0,0,0
2019/10/22 8:00,8,60,0,0,nan
2019/10/22 8:05,8,60,0,0,0.001041667
2019/10/22 8:10,8,60,0,0,0.132291667
2019/10/22 8:15,7,60,0,0,0.13452381
2019/10/22 8:20,5,60,0,0,0.075
2019/10/22 8:25,4,60,0,0,0.025
2019/10/22 8:30,,,,,
2019/10/22 8:35,,,,,
2019/10/22 8:40,,,,,
2019/10/22 8:45,,,,,
2019/10/22 8:50,,,,,
2019/10/22 8:55,,,,,
2019/10/22 9:00,,,,,
2019/10/22 9:05,,,,,
2019/10/22 9:10,,,,,
2019/10/22 9:15,,,,,
2019/10/22 9:20,,,,,
2019/10/22 9:25,,,,,
2019/10/22 9:30,,,,,
2019/10/22 9:35,,,,,
2019/10/22 9:40,,,,,
2019/10/22 9:45,,,,,
2019/10/22 9:50,,,,,
2019/10/22 9:55,,,,,
2019/10/22 10:00,,,,,
2019/10/22 10:05,,,,,
2019/10/22 10:10,,,,,
2019/10/22 10:15,,,,,
2019/10/22 10:20,,,,,
2019/10/22 10:25,,,,,
2019/10/22 10:30,,,,,
2019/10/22 10:35,,,,,
2019/10/22 10:40,,,,,
2019/10/22 10:45,,,,,
2019/10/22 10:50,,,,,
2019/10/22 10:55,,,,,
2019/10/22 11:00,,,,,
2019/10/22 11:05,,,,,
2019/10/22 11:10,,,,,
2019/10/22 11:15,,,,,
2019/10/22 11:20,,,,,
2019/10/22 11:25,,,,,
2019/10/22 11:30,,,,,
2019/10/22 11:35,,,,,
2019/10/22 11:40,,,,,
2019/10/22 11:45,,,,,
2019/10/22 11:50,,,,,
2019/10/22 11:55,,,,,
2019/10/22 12:00,,,,,
2019/10/22 12:05,,,,,
2019/10/22 12:10,,,,,
2019/10/22 12:15,,,,,
2019/10/22 12:20,,,,,
2019/10/22 12:25,,,,,
2019/10/22 12:30,7,0,60,0,0.034722222
2019/10/22 12:35,3,0,60,0,0.216666667
2019/10/22 12:40,3,0,33,27,0.241666667
2019/10/22 12:45,3,0,60,0,0.022222222
2019/10/22 12:50,8,0,60,0,0.04047619
2019/10/22 12:55,5,0,34,26,0.073333333
2019/10/22 13:00,2,0,59,1,nan
2019/10/22 13:05,2,0,60,0,0
2019/10/22 13:10,3,0,60,0,0.058333333
2019/10/22 13:15,1,0,60,0,0.208333333
2019/10/22 13:20,4,0,60,0,0
2019/10/22 13:25,5,0,57,3,0.086666667
2019/10/22 13:30,4,0,60,0,0.058333333
2019/10/22 13:35,5,0,48,12,0.1
2019/10/22 13:40,4,15,25,20,0.2375
2019/10/22 13:45,5,1,31,28,0.125
2019/10/22 13:50,5,1,59,0,0.138333333
2019/10/22 13:55,3,4,56,0,0.077777778
2019/10/22 14:00,1,0,60,0,0.225
2019/10/22 14:05,1,5,55,0,0.183333333
2019/10/22 14:10,8,4,33,23,0.196875
2019/10/22 14:15,1,0,60,0,0.066666667
2019/10/22 14:20,5,0,36,24,0.215
2019/10/22 14:25,3,0,60,0,0.225
2019/10/22 14:30,3,1,59,0,0.066666667
2019/10/22 14:35,5,0,9,51,0.415
2019/10/22 14:40,6,0,60,0,0.109722222
2019/10/22 14:45,3,0,60,0,0.083333333
2019/10/22 14:50,3,0,50,10,0.213888889
2019/10/22 14:55,7,0,35,25,0.229761905
2019/10/22 15:00,1,0,41,19,nan
2019/10/22 15:05,1,0,60,0,0.15
2019/10/22 15:10,5,0,49,11,0.146666667
2019/10/22 15:15,6,0,60,0,0.0875
2019/10/22 15:20,5,1,29,30,0.311666667
2019/10/22 15:25,2,0,54,6,0.854166667
2019/10/22 15:30,2,0,58,2,0.5375
2019/10/22 15:35,2,0,48,12,0.8
2019/10/22 15:40,1,21,37,2,0.158333333
2019/10/22 15:45,5,25,22,13,0.318333333
2019/10/22 15:50,3,24,33,3,0.155555556
2019/10/22 15:55,7,14,17,29,0.303571429
2019/10/22 16:00,7,3,13,44,nan
2019/10/22 16:05,5,1,26,33,0.268333333
2019/10/22 16:10,5,0,60,0,0.195
2019/10/22 16:15,6,0,60,0,0.0625
2019/10/22 16:20,4,0,60,0,0.102083333
2019/10/22 16:25,6,0,60,0,0.065277778
2019/10/22 16:30,4,0,60,0,0.047916667
2019/10/22 16:35,3,1,59,0,0.086111111
2019/10/22 16:40,4,11,49,0,0.15625
2019/10/22 16:45,4,12,48,0,0.333333333
2019/10/22 16:50,4,5,55,0,0.28125
2019/10/22 16:55,3,8,52,0,0.313888889
2019/10/22 17:00,2,0,59,1,nan
2019/10/22 17:05,2,5,55,0,0.108333333
2019/10/22 17:10,3,1,59,0,0.330555556
2019/10/22 17:15,3,2,23,35,0.497222222
2019/10/22 17:20,1,18,15,27,0.558333333
2019/10/22 17:25,7,2,58,0,0.183333333
2019/10/22 17:30,1,9,43,8,0.55
2019/10/22 17:35,1,27,33,0,0.275
2019/10/22 17:40,1,21,31,8,0.466666667
2019/10/22 17:45,1,42,16,2,0.166666667
2019/10/22 17:50,1,60,0,0,0
2019/10/22 17:55,1,60,0,0,0
2019/10/22 18:00,1,60,0,0,0.475
2019/10/22 18:05,1,60,0,0,0.1
2019/10/22 18:10,1,60,0,0,0
2019/10/22 18:15,1,60,0,0,0
2019/10/22 18:20,4,60,0,0,0
2019/10/22 18:25,2,59,1,0,0.008333333
2019/10/22 18:30,2,60,0,0,0
2019/10/22 18:35,4,60,0,0,0
2019/10/22 18:40,4,60,0,0,0
2019/10/22 18:45,4,60,0,0,0
2019/10/22 18:50,4,60,0,0,0
2019/10/22 18:55,4,60,0,0,0
2019/10/22 19:00,4,55,1,4,0.077083333
2019/10/22 19:05,4,49,3,8,0.185416667
2019/10/22 19:10,4,52,8,0,0.052083333
2019/10/22 19:15,4,60,0,0,0.0125
2019/10/22 19:20,1,60,0,0,0
2019/10/22 19:25,4,60,0,0,0.020833333
2019/10/22 19:30,5,60,0,0,0.016666667
2019/10/22 19:35,4,60,0,0,0
2019/10/22 19:40,4,60,0,0,0
2019/10/22 19:45,5,60,0,0,0
2019/10/22 19:50,1,60,0,0,0
2019/10/22 19:55,1,60,0,0,0
2019/10/22 20:00,4,60,0,0,0
2019/10/22 20:05,1,60,0,0,0
2019/10/22 20:10,5,60,0,0,0
2019/10/22 20:15,5,44,5,11,0.238333333
2019/10/22 20:20,1,35,25,0,0.758333333
2019/10/22 20:25,2,38,9,13,0.3
2019/10/22 20:30,1,60,0,0,0
2019/10/22 20:35,2,60,0,0,0
2019/10/22 20:40,2,60,0,0,0
2019/10/22 20:45,2,60,0,0,0
2019/10/22 20:50,2,60,0,0,0
2019/10/22 20:55,2,60,0,0,0
2019/10/22 21:00,1,60,0,0,0
2019/10/22 21:05,5,60,0,0,0.271666667
2019/10/22 21:10,5,52,3,5,0.108333333
2019/10/22 21:15,5,41,9,10,0.241666667
2019/10/22 21:20,5,60,0,0,0
2019/10/22 21:25,5,60,0,0,0
2019/10/22 21:30,5,60,0,0,0.005
2019/10/22 21:35,5,59,1,0,0.008333333
2019/10/22 21:40,5,60,0,0,0
2019/10/22 21:45,5,60,0,0,0
2019/10/22 21:50,3,60,0,0,0.122222222
2019/10/22 21:55,6,60,0,0,0.193055556
2019/10/22 22:00,5,60,0,0,0.001666667
2019/10/22 22:05,5,60,0,0,0
2019/10/22 22:10,6,60,0,0,0
2019/10/22 22:15,6,60,0,0,0.080555556
2019/10/22 22:20,6,42,5,13,0.252777778
2019/10/22 22:25,5,60,0,0,0.068333333
2019/10/22 22:30,6,60,0,0,0.290277778
2019/10/22 22:35,4,60,0,0,0
2019/10/22 22:40,4,60,0,0,0.0875
2019/10/22 22:45,7,60,0,0,0.085714286
2019/10/22 22:50,3,60,0,0,0.258333333
2019/10/22 22:55,6,60,0,0,0.1125
2019/10/22 23:00,4,60,0,0,0
2019/10/22 23:05,4,60,0,0,0
2019/10/22 23:10,4,60,0,0,0
2019/10/22 23:15,4,60,0,0,0
2019/10/22 23:20,4,60,0,0,0
2019/10/22 23:25,4,60,0,0,0
2019/10/22 23:30,4,60,0,0,0
2019/10/22 23:35,3,60,0,0,0
2019/10/22 23:40,3,60,0,0,0
2019/10/22 23:45,2,60,0,0,0
2019/10/22 23:50,3,60,0,0,0
2019/10/22 23:55,4,60,0,0,0
2019/10/23 0:00,4,60,0,0,0
2019/10/23 0:05,4,49,11,0,0.091666667
2019/10/23 0:10,5,46,14,0,0.116666667
2019/10/23 0:15,6,39,16,5,0.216666667
2019/10/23 0:20,6,53,0,7,0.116666667
2019/10/23 0:25,6,60,0,0,0
2019/10/23 0:30,6,60,0,0,0.048611111
2019/10/23 0:35,6,60,0,0,0.004166667
2019/10/23 0:40,6,60,0,0,0
2019/10/23 0:45,6,60,0,0,0
2019/10/23 0:50,6,60,0,0,0
2019/10/23 0:55,3,60,0,0,0
2019/10/23 1:00,5,60,0,0,0
2019/10/23 1:05,6,60,0,0,0
2019/10/23 1:10,5,60,0,0,0
2019/10/23 1:15,5,60,0,0,0.005
2019/10/23 1:20,4,60,0,0,0
2019/10/23 1:25,6,60,0,0,0.440277778
2019/10/23 1:30,5,33,15,12,0.301666667
2019/10/23 1:35,5,20,29,11,0.455
2019/10/23 1:40,3,34,21,5,0.336111111
2019/10/23 1:45,5,47,9,4,0.288333333
2019/10/23 1:50,5,41,14,5,0.216666667
2019/10/23 1:55,3,32,28,0,0.491666667
2019/10/23 2:00,5,33,26,1,nan
2019/10/23 2:05,2,26,26,8,0.191666667
2019/10/23 2:10,1,48,9,3,0.5
2019/10/23 2:15,3,7,0,53,0.566666667
2019/10/23 2:20,1,22,27,11,0.475
2019/10/23 2:25,1,35,16,9,0.408333333
2019/10/23 2:30,5,42,0,18,0.566666667
2019/10/23 2:35,5,39,11,10,0.275
2019/10/23 2:40,1,38,11,11,0.233333333
2019/10/23 2:45,4,28,18,14,0.325
2019/10/23 2:50,4,36,13,11,0.189583333
2019/10/23 2:55,2,55,5,0,0.766666667
2019/10/23 3:00,6,60,0,0,0.0125
2019/10/23 3:05,6,60,0,0,0
2019/10/23 3:10,6,60,0,0,0
2019/10/23 3:15,1,60,0,0,0
2019/10/23 3:20,1,60,0,0,0
2019/10/23 3:25,1,60,0,0,0
2019/10/23 3:30,1,60,0,0,0
2019/10/23 3:35,6,60,0,0,0
2019/10/23 3:40,6,60,0,0,0
2019/10/23 3:45,1,60,0,0,0.008333333
2019/10/23 3:50,1,60,0,0,0
2019/10/23 3:55,7,60,0,0,0.054761905
2019/10/23 4:00,7,60,0,0,0
2019/10/23 4:05,6,60,0,0,0
2019/10/23 4:10,6,60,0,0,0
2019/10/23 4:15,7,60,0,0,0
2019/10/23 4:20,7,60,0,0,0
2019/10/23 4:25,7,60,0,0,0
2019/10/23 4:30,7,60,0,0,0
2019/10/23 4:35,5,60,0,0,0
2019/10/23 4:40,7,60,0,0,0
2019/10/23 4:45,4,60,0,0,0
2019/10/23 4:50,4,60,0,0,0
2019/10/23 4:55,7,60,0,0,0
2019/10/23 5:00,6,60,0,0,0
2019/10/23 5:05,6,60,0,0,0
2019/10/23 5:10,6,60,0,0,0
2019/10/23 5:15,6,60,0,0,0
2019/10/23 5:20,6,60,0,0,0
2019/10/23 5:25,6,60,0,0,0.119444444
2019/10/23 5:30,5,60,0,0,0.046666667
2019/10/23 5:35,6,60,0,0,0.058333333
2019/10/23 5:40,6,60,0,0,0.018055556
2019/10/23 5:45,6,60,0,0,0
2019/10/23 5:50,6,60,0,0,0
2019/10/23 5:55,6,60,0,0,0
2019/10/23 6:00,6,60,0,0,0
2019/10/23 6:05,6,60,0,0,0
2019/10/23 6:10,6,60,0,0,0
2019/10/23 6:15,6,60,0,0,0
2019/10/23 6:20,6,38,6,16,0.291666667
2019/10/23 6:25,2,21,32,7,0.270833333
2019/10/23 6:30,3,46,8,6,0.533333333
2019/10/23 6:35,7,51,9,0,0.376190476
2019/10/23 6:40,5,57,3,0,0.216666667
2019/10/23 6:45,7,60,0,0,0.529761905
2019/10/23 6:50,6,60,0,0,0.173611111
2019/10/23 6:55,5,60,0,0,0.26
2019/10/23 7:00,6,60,0,0,nan
2019/10/23 7:05,3,60,0,0,0.127777778
2019/10/23 7:10,4,60,0,0,0.504166667
2019/10/23 7:15,5,60,0,0,0.07
2019/10/23 7:20,4,60,0,0,0.3625
2019/10/23 7:25,4,60,0,0,0.395833333
2019/10/23 7:30,2,60,0,0,0.708333333
2019/10/23 7:35,5,60,0,0,0.243333333
2019/10/23 7:40,4,46,0,14,0.233333333
2019/10/23 7:45,7,48,0,12,0.31547619
2019/10/23 7:50,6,60,0,0,0.518055556
2019/10/23 7:55,5,50,0,10,0.43
2019/10/23 8:00,8,39,19,2,nan
2019/10/23 8:05,9,56,0,4,0.457407407
2019/10/23 8:10,4,52,0,8,0.220833333
2019/10/23 8:15,8,45,0,15,0.259375
2019/10/23 8:20,6,49,0,11,0.222222222
2019/10/23 8:25,3,52,0,8,0.077777778
2019/10/23 8:30,,,,,
2019/10/23 8:35,,,,,
2019/10/23 8:40,,,,,
2019/10/23 8:45,,,,,
2019/10/23 8:50,,,,,
2019/10/23 8:55,,,,,
2019/10/23 9:00,,,,,
2019/10/23 9:05,,,,,
2019/10/23 9:10,,,,,
2019/10/23 9:15,,,,,
2019/10/23 9:20,,,,,
2019/10/23 9:25,,,,,
2019/10/23 9:30,,,,,
2019/10/23 9:35,,,,,
2019/10/23 9:40,,,,,
2019/10/23 9:45,,,,,
2019/10/23 9:50,,,,,
2019/10/23 9:55,,,,,
2019/10/23 10:00,,,,,
2019/10/23 10:05,,,,,
2019/10/23 10:10,,,,,
2019/10/23 10:15,,,,,
2019/10/23 10:20,,,,,
2019/10/23 10:25,,,,,
2019/10/23 10:30,,,,,
2019/10/23 10:35,,,,,
2019/10/23 10:40,,,,,
2019/10/23 10:45,,,,,
2019/10/23 10:50,,,,,
2019/10/23 10:55,,,,,
2019/10/23 11:00,,,,,
2019/10/23 11:05,,,,,
2019/10/23 11:10,,,,,
2019/10/23 11:15,,,,,
2019/10/23 11:20,,,,,
2019/10/23 11:25,,,,,
2019/10/23 11:30,,,,,
2019/10/23 11:35,,,,,
2019/10/23 11:40,,,,,
2019/10/23 11:45,,,,,
2019/10/23 11:50,,,,,
2019/10/23 11:55,,,,,
2019/10/23 12:00,,,,,
2019/10/23 12:05,,,,,
2019/10/23 12:10,,,,,
2019/10/23 12:15,,,,,
2019/10/23 12:20,,,,,
2019/10/23 12:25,,,,,
2019/10/23 12:30,5,50,0,10,0.575
2019/10/23 12:35,6,10,30,20,0.404166667
2019/10/23 12:40,6,35,14,11,0.295833333
2019/10/23 12:45,2,25,35,0,0.5125
2019/10/23 12:50,5,18,42,0,0.386666667
2019/10/23 12:55,4,35,22,3,0.508333333
2019/10/23 13:00,3,10,48,2,0.075
2019/10/23 13:05,1,45,15,0,0.65
2019/10/23 13:10,10,55,5,0,0.368333333
2019/10/23 13:15,7,60,0,0,0.782142857
2019/10/23 13:20,8,55,5,0,0.434375
2019/10/23 13:25,3,58,2,0,0.672222222
2019/10/23 13:30,4,56,4,0,0.8
2019/10/23 13:35,3,60,0,0,0.602777778
2019/10/23 13:40,2,60,0,0,0.408333333
2019/10/23 13:45,3,60,0,0,0.691666667
2019/10/23 13:50,3,60,0,0,0.566666667
2019/10/23 13:55,2,59,1,0,1.0875
2019/10/23 14:00,1,60,0,0,nan
2019/10/23 14:05,3,60,0,0,1.169444444
2019/10/23 14:10,2,50,5,5,0.695833333
2019/10/23 14:15,1,60,0,0,1.558333333
2019/10/23 14:20,3,60,0,0,0.877777778
2019/10/23 14:25,4,52,6,2,0.408333333
2019/10/23 14:30,2,55,5,0,0.554166667
2019/10/23 14:35,1,46,9,5,0.708333333
2019/10/23 14:40,1,60,0,0,0.258333333
2019/10/23 14:45,1,59,1,0,0.158333333
2019/10/23 14:50,1,45,15,0,0.125
2019/10/23 14:55,2,49,11,0,0.104166667
2019/10/23 15:00,1,37,23,0,0.191666667
2019/10/23 15:05,7,33,8,19,0.503571429
2019/10/23 15:10,6,36,24,0,0.197222222
2019/10/23 15:15,6,47,13,0,0.154166667
2019/10/23 15:20,8,49,8,3,0.159375
2019/10/23 15:25,6,52,8,0,0.066666667
2019/10/23 15:30,6,60,0,0,0.1
2019/10/23 15:35,10,60,0,0,0.206666667
2019/10/23 15:40,8,60,0,0,0.067708333
2019/10/23 15:45,7,60,0,0,0.011904762
2019/10/23 15:50,1,60,0,0,0
2019/10/23 15:55,5,51,0,9,0.161666667
2019/10/23 16:00,1,55,0,5,0.083333333
2019/10/23 16:05,1,56,4,0,0.033333333
2019/10/23 16:10,1,52,8,0,1.025
2019/10/23 16:15,2,60,0,0,0.895833333
2019/10/23 16:20,2,41,14,5,0.441666667
2019/10/23 16:25,2,30,13,17,0.320833333
2019/10/23 16:30,4,4,13,43,0.329166667
2019/10/23 16:35,2,17,8,35,0.466666667
2019/10/23 16:40,3,35,18,7,0.355555556
2019/10/23 16:45,2,35,17,8,0.445833333
2019/10/23 16:50,6,9,51,0,0.540277778
2019/10/23 16:55,2,18,25,17,0.3
2019/10/23 17:00,4,44,0,16,nan
2019/10/23 17:05,3,22,29,9,0.775
2019/10/23 17:10,6,8,11,41,0.445833333
2019/10/23 17:15,4,24,17,19,0.3375
2019/10/23 17:20,6,35,3,22,0.648611111
2019/10/23 17:25,6,3,57,0,0.051388889
2019/10/23 17:30,5,14,46,0,0.178333333
2019/10/23 17:35,5,18,21,21,0.275
2019/10/23 17:40,5,33,24,3,0.3
2019/10/23 17:45,4,50,10,0,0.54375
2019/10/23 17:50,6,60,0,0,1.35
2019/10/23 17:55,5,60,0,0,0.275
2019/10/23 18:00,6,57,3,0,0.119444444
2019/10/23 18:05,6,59,1,0,0.009722222
2019/10/23 18:10,6,60,0,0,0.015277778
2019/10/23 18:15,7,51,2,7,0.180952381
2019/10/23 18:20,5,24,14,22,0.505
2019/10/23 18:25,6,35,25,0,0.190277778
2019/10/23 18:30,5,42,18,0,0.081666667
2019/10/23 18:35,7,51,9,0,0.102380952
2019/10/23 18:40,6,44,9,7,0.234722222
2019/10/23 18:45,5,57,3,0,0.078333333
2019/10/23 18:50,6,43,11,6,0.398611111
2019/10/23 18:55,7,57,0,3,0.348809524
2019/10/23 19:00,3,52,7,1,0.297222222
2019/10/23 19:05,9,60,0,0,0.14537037
2019/10/23 19:10,10,60,0,0,0.270833333
2019/10/23 19:15,7,57,3,0,0.097619048
2019/10/23 19:20,6,60,0,0,0.120833333
2019/10/23 19:25,6,60,0,0,0
2019/10/23 19:30,7,52,0,8,0.127380952
2019/10/23 19:35,5,60,0,0,0.168333333
2019/10/23 19:40,10,56,4,0,0.045
2019/10/23 19:45,8,60,0,0,0.066666667
2019/10/23 19:50,5,56,4,0,0.066666667
2019/10/23 19:55,7,60,0,0,0.670238095
2019/10/23 20:00,5,6,3,51,0.288333333
2019/10/23 20:05,5,23,30,7,0.27
2019/10/23 20:10,4,16,26,18,0.34375
2019/10/23 20:15,5,6,23,31,0.395
2019/10/23 20:20,3,25,24,11,0.35
2019/10/23 20:25,2,50,0,10,0.783333333
2019/10/23 20:30,2,60,0,0,0.995833333
2019/10/23 20:35,2,60,0,0,0.841666667
2019/10/23 20:40,4,60,0,0,0.789583333
2019/10/23 20:45,3,52,8,0,0.261111111
2019/10/23 20:50,6,40,20,0,0.297222222
2019/10/23 20:55,6,24,15,21,0.401388889
2019/10/23 21:00,6,35,20,5,nan
2019/10/23 21:05,6,50,4,6,0.113888889
2019/10/23 21:10,5,60,0,0,0.226666667
2019/10/23 21:15,3,60,0,0,0.161111111
2019/10/23 21:20,4,55,0,5,0.45
2019/10/23 21:25,4,4,30,26,0.7625
2019/10/23 21:30,5,0,60,0,0.73
2019/10/23 21:35,1,60,0,0,0.225
2019/10/23 21:40,6,60,0,0,0.041666667
2019/10/23 21:45,7,60,0,0,0.06547619
2019/10/23 21:50,6,60,0,0,0.122222222
2019/10/23 21:55,1,60,0,0,0.816666667
2019/10/23 22:00,1,60,0,0,0.791666667
2019/10/23 22:05,4,60,0,0,0.202083333
2019/10/23 22:10,7,60,0,0,0.125
2019/10/23 22:15,3,60,0,0,0.241666667
2019/10/23 22:20,8,60,0,0,0.228125
2019/10/23 22:25,1,60,0,0,0.416666667
2019/10/23 22:30,2,60,0,0,0.295833333
2019/10/23 22:35,8,60,0,0,0.141666667
2019/10/23 22:40,8,59,1,0,0.167708333
2019/10/23 22:45,7,60,0,0,0.154761905
2019/10/23 22:50,3,60,0,0,0.205555556
2019/10/23 22:55,3,60,0,0,0.052777778
2019/10/23 23:00,3,60,0,0,0.230555556
2019/10/23 23:05,3,60,0,0,0.058333333
2019/10/23 23:10,5,60,0,0,0
2019/10/23 23:15,1,60,0,0,1.016666667
2019/10/23 23:20,2,60,0,0,0.9875
2019/10/23 23:25,2,60,0,0,0.625
2019/10/23 23:30,1,60,0,0,1.041666667
2019/10/23 23:35,1,60,0,0,1.983333333
2019/10/23 23:40,1,60,0,0,0.425
2019/10/23 23:45,1,59,1,0,0
2019/10/23 23:50,1,60,0,0,0.091666667
2019/10/23 23:55,1,60,0,0,0.05
2019/10/24 0:00,1,60,0,0,0.141666667
2019/10/24 0:05,1,60,0,0,0.425
2019/10/24 0:10,5,60,0,0,0.226666667
2019/10/24 0:15,7,60,0,0,0.254761905
2019/10/24 0:20,4,60,0,0,0.1625
2019/10/24 0:25,1,60,0,0,0.175
2019/10/24 0:30,7,60,0,0,0.145238095
2019/10/24 0:35,1,60,0,0,0.183333333
2019/10/24 0:40,1,60,0,0,0.091666667
2019/10/24 0:45,1,60,0,0,0.175
2019/10/24 0:50,1,60,0,0,0.391666667
2019/10/24 0:55,1,60,0,0,0.166666667
2019/10/24 1:00,4,60,0,0,0.0625
2019/10/24 1:05,1,55,5,0,0.075
2019/10/24 1:10,2,60,0,0,0.358333333
2019/10/24 1:15,1,60,0,0,0.366666667
2019/10/24 1:20,1,60,0,0,0
2019/10/24 1:25,5,60,0,0,0.065
2019/10/24 1:30,1,60,0,0,0
2019/10/24 1:35,6,60,0,0,0.125
2019/10/24 1:40,7,60,0,0,0.157142857
2019/10/24 1:45,1,60,0,0,0.333333333
2019/10/24 1:50,1,54,6,0,0.225
2019/10/24 1:55,1,46,14,0,0.108333333
2019/10/24 2:00,1,37,23,0,0.1
2019/10/24 2:05,1,60,0,0,0
2019/10/24 2:10,6,60,0,0,0.034722222
2019/10/24 2:15,3,60,0,0,0.016666667
2019/10/24 2:20,1,60,0,0,0
2019/10/24 2:25,1,60,0,0,0
2019/10/24 2:30,7,60,0,0,0.01547619
2019/10/24 2:35,4,60,0,0,0.0625
2019/10/24 2:40,5,60,0,0,0.148333333
2019/10/24 2:45,7,60,0,0,0.101190476
2019/10/24 2:50,6,60,0,0,0.015277778
2019/10/24 2:55,6,60,0,0,0.159722222
2019/10/24 3:00,5,60,0,0,nan
2019/10/24 3:05,5,60,0,0,0.196666667
2019/10/24 3:10,5,60,0,0,0.043333333
2019/10/24 3:15,7,60,0,0,0.039285714
2019/10/24 3:20,6,60,0,0,0.118055556
2019/10/24 3:25,7,60,0,0,0.071428571
2019/10/24 3:30,7,60,0,0,0.033333333
2019/10/24 3:35,7,60,0,0,0.026190476
2019/10/24 3:40,7,60,0,0,0.021428571
2019/10/24 3:45,6,60,0,0,0.068055556
2019/10/24 3:50,6,60,0,0,0
2019/10/24 3:55,6,60,0,0,0.009722222
2019/10/24 4:00,7,60,0,0,0.08452381
2019/10/24 4:05,7,60,0,0,0.048809524
2019/10/24 4:10,7,60,0,0,0.00952381
2019/10/24 4:15,7,60,0,0,0
2019/10/24 4:20,1,60,0,0,0.35
2019/10/24 4:25,7,60,0,0,0.003571429
2019/10/24 4:30,7,60,0,0,0.025
2019/10/24 4:35,7,60,0,0,0.032142857
2019/10/24 4:40,3,60,0,0,0.072222222
2019/10/24 4:45,7,60,0,0,0.008333333
2019/10/24 4:50,7,60,0,0,0.001190476
2019/10/24 4:55,1,60,0,0,0
2019/10/24 5:00,7,60,0,0,0
2019/10/24 5:05,1,60,0,0,0
2019/10/24 5:10,2,60,0,0,0.070833333
2019/10/24 5:15,1,60,0,0,0
2019/10/24 5:20,1,60,0,0,0
2019/10/24 5:25,7,60,0,0,0.017857143
2019/10/24 5:30,7,46,0,14,0.213095238
2019/10/24 5:35,6,22,0,38,0.270833333
2019/10/24 5:40,6,57,0,3,0.5625
2019/10/24 5:45,4,54,6,0,0.266666667
2019/10/24 5:50,3,48,3,9,0.133333333
2019/10/24 5:55,3,40,20,0,0.166666667
2019/10/24 6:00,3,36,19,5,0.241666667
2019/10/24 6:05,3,36,19,5,0.241666667
2019/10/24 6:10,1,56,4,0,1
2019/10/24 6:15,6,41,6,13,0.5
2019/10/24 6:20,5,31,11,18,0.36
2019/10/24 6:25,1,60,0,0,0.108333333
2019/10/24 6:30,2,60,0,0,0.033333333
2019/10/24 6:35,2,60,0,0,0
2019/10/24 6:40,6,60,0,0,0.063888889
2019/10/24 6:45,1,60,0,0,0.283333333
2019/10/24 6:50,6,60,0,0,0.230555556
2019/10/24 6:55,7,60,0,0,0.185714286
2019/10/24 7:00,5,60,0,0,0.52
2019/10/24 7:05,6,60,0,0,0.05
2019/10/24 7:10,1,50,0,10,0.066666667
2019/10/24 7:15,10,60,0,0,0.208333333
2019/10/24 7:20,8,44,0,16,0.253125
2019/10/24 7:25,8,49,0,11,0.141666667
2019/10/24 7:30,4,54,0,6,0.335416667
2019/10/24 7:35,10,42,0,18,0.230833333
2019/10/24 7:40,7,53,7,0,0.095238095
2019/10/24 7:45,4,56,0,4,0.066666667
2019/10/24 7:50,5,60,0,0,0.81
2019/10/24 7:55,5,60,0,0,0.196666667
2019/10/24 8:00,7,60,0,0,0.042857143
2019/10/24 8:05,7,60,0,0,0.323809524
2019/10/24 8:10,1,21,0,39,0.283333333
2019/10/24 8:15,8,60,0,0,0.229166667
2019/10/24 8:20,8,52,0,8,0.626041667
2019/10/24 8:25,9,60,0,0,0.694444444
2019/10/24 8:30,,,,,
2019/10/24 8:35,,,,,
2019/10/24 8:40,,,,,
2019/10/24 8:45,,,,,
2019/10/24 8:50,,,,,
2019/10/24 8:55,,,,,
2019/10/24 9:00,,,,,
2019/10/24 9:05,,,,,
2019/10/24 9:10,,,,,
2019/10/24 9:15,,,,,
2019/10/24 9:20,,,,,
2019/10/24 9:25,,,,,
2019/10/24 9:30,,,,,
2019/10/24 9:35,,,,,
2019/10/24 9:40,,,,,
2019/10/24 9:45,,,,,
2019/10/24 9:50,,,,,
2019/10/24 9:55,,,,,
2019/10/24 10:00,,,,,
2019/10/24 10:05,,,,,
2019/10/24 10:10,,,,,
2019/10/24 10:15,,,,,
2019/10/24 10:20,,,,,
2019/10/24 10:25,,,,,
2019/10/24 10:30,,,,,
2019/10/24 10:35,,,,,
2019/10/24 10:40,,,,,
2019/10/24 10:45,,,,,
2019/10/24 10:50,,,,,
2019/10/24 10:55,,,,,
2019/10/24 11:00,,,,,
2019/10/24 11:05,,,,,
2019/10/24 11:10,,,,,
2019/10/24 11:15,,,,,
2019/10/24 11:20,,,,,
2019/10/24 11:25,,,,,
2019/10/24 11:30,,,,,
2019/10/24 11:35,,,,,
2019/10/24 11:40,,,,,
2019/10/24 11:45,,,,,
2019/10/24 11:50,,,,,
2019/10/24 11:55,,,,,
2019/10/24 12:00,,,,,
2019/10/24 12:05,,,,,
2019/10/24 12:10,,,,,
2019/10/24 12:15,,,,,
2019/10/24 12:20,,,,,
2019/10/24 12:25,,,,,
2019/10/24 12:30,2,0,44,16,0.35
2019/10/24 12:35,3,0,60,0,0.475
2019/10/24 12:40,5,0,60,0,0.025
2019/10/24 12:45,3,0,60,0,0.2
2019/10/24 12:50,3,0,60,0,0.227777778
2019/10/24 12:55,10,0,60,0,0.37
2019/10/24 13:00,4,0,35,25,nan
2019/10/24 13:05,3,0,42,18,0.311111111
2019/10/24 13:10,3,3,35,22,0.216666667
2019/10/24 13:15,6,7,48,5,0.120833333
2019/10/24 13:20,6,14,34,12,0.226388889
2019/10/24 13:25,3,25,27,8,0.391666667
2019/10/24 13:30,5,24,29,7,0.381666667
2019/10/24 13:35,4,29,24,7,0.516666667
2019/10/24 13:40,6,55,5,0,0.352777778
2019/10/24 13:45,4,60,0,0,0.377083333
2019/10/24 13:50,5,60,0,0,0.375
2019/10/24 13:55,4,44,6,10,0.35625
2019/10/24 14:00,9,10,32,18,nan
2019/10/24 14:05,6,3,48,9,0.197222222
2019/10/24 14:10,5,3,57,0,0.131666667
2019/10/24 14:15,2,1,59,0,0.391666667
2019/10/24 14:20,2,3,57,0,0.458333333
2019/10/24 14:25,6,8,48,4,0.3875
2019/10/24 14:30,2,0,31,29,0.270833333
2019/10/24 14:35,5,0,60,0,0.141666667
2019/10/24 14:40,1,0,60,0,0.45
2019/10/24 14:45,2,0,48,12,0.070833333
2019/10/24 14:50,2,0,60,0,0
2019/10/24 14:55,2,5,55,0,0.091666667
2019/10/24 15:00,2,0,51,9,nan
2019/10/24 15:05,4,0,57,3,0.0375
2019/10/24 15:10,4,0,60,0,0.00625
2019/10/24 15:15,6,0,60,0,0.116666667
2019/10/24 15:20,3,0,60,0,0.4
2019/10/24 15:25,4,0,60,0,0.495833333
2019/10/24 15:30,3,3,57,0,0.533333333
2019/10/24 15:35,5,3,57,0,0.471666667
2019/10/24 15:40,5,13,47,0,0.395
2019/10/24 15:45,2,10,50,0,0.55
2019/10/24 15:50,3,16,44,0,0.575
2019/10/24 15:55,4,6,54,0,0.729166667
2019/10/24 16:00,2,3,1,56,nan
2019/10/24 16:05,1,3,30,27,0.4
2019/10/24 16:10,6,0,60,0,0.223611111
2019/10/24 16:15,1,7,48,5,0.925
2019/10/24 16:20,3,9,29,22,0.275
2019/10/24 16:25,5,1,59,0,0.133333333
2019/10/24 16:30,4,5,37,18,0.25
2019/10/24 16:35,8,20,3,37,0.26875
2019/10/24 16:40,5,1,53,6,0.56875
2019/10/24 16:45,2,5,55,0,0.6125
2019/10/24 16:50,3,8,23,29,0.352777778
2019/10/24 16:55,6,0,50,10,0.275
2019/10/24 17:00,2,0,59,1,nan
2019/10/24 17:05,2,6,41,13,0.283333333
2019/10/24 17:10,8,13,47,0,0.304166667
2019/10/24 17:15,7,6,54,0,0.260714286
2019/10/24 17:20,4,1,59,0,0.385416667
2019/10/24 17:25,3,1,59,0,0.733333333
2019/10/24 17:30,7,0,60,0,0.233333333
2019/10/24 17:35,4,14,5,41,0.36875
2019/10/24 17:40,2,30,18,12,0.5625
2019/10/24 17:45,1,17,16,27,0.45
2019/10/24 17:50,3,36,18,6,0.455555556
2019/10/24 17:55,4,56,0,4,0.585416667
2019/10/24 18:00,4,58,0,2,0.325
2019/10/24 18:05,6,59,0,1,0.331666667
2019/10/24 18:10,2,60,0,0,0
2019/10/24 18:15,2,60,0,0,0.004166667
2019/10/24 18:20,2,60,0,0,0
2019/10/24 18:25,2,60,0,0,0
2019/10/24 18:30,2,60,0,0,0
2019/10/24 18:35,2,60,0,0,0
2019/10/24 18:40,2,60,0,0,0
2019/10/24 18:45,2,60,0,0,0
2019/10/24 18:50,2,60,0,0,0
2019/10/24 18:55,2,60,0,0,0
2019/10/24 19:00,2,60,0,0,0
2019/10/24 19:05,2,60,0,0,0
2019/10/24 19:10,2,60,0,0,0
2019/10/24 19:15,2,60,0,0,0
2019/10/24 19:20,2,60,0,0,0
2019/10/24 19:25,2,60,0,0,0
2019/10/24 19:30,2,60,0,0,0.025
2019/10/24 19:35,2,60,0,0,0
2019/10/24 19:40,2,60,0,0,0
2019/10/24 19:45,1,60,0,0,0
2019/10/24 19:50,1,60,0,0,0
2019/10/24 19:55,1,60,0,0,0
2019/10/24 20:00,1,60,0,0,0
2019/10/24 20:05,3,60,0,0,1.130555556
2019/10/24 20:10,3,60,0,0,0.216666667
2019/10/24 20:15,3,60,0,0,0
2019/10/24 20:20,3,60,0,0,0.008333333
2019/10/24 20:25,4,60,0,0,0.552777778
2019/10/24 20:30,3,60,0,0,0.252777778
2019/10/24 20:35,2,48,1,11,0.2
2019/10/24 20:40,2,53,7,0,0.058333333
2019/10/24 20:45,2,53,7,0,0.058333333
2019/10/24 20:50,1,50,6,4,0.425
2019/10/24 20:55,4,49,11,0,0.236111111
2019/10/24 21:00,4,18,42,0,0.352777778
2019/10/24 21:05,5,51,9,0,0.202083333
2019/10/24 21:10,5,45,15,0,0.1875
2019/10/24 21:15,7,60,0,0,0.131944444
2019/10/24 21:20,4,60,0,0,0.21875
2019/10/24 21:25,3,37,16,7,0.208333333
2019/10/24 21:30,6,60,0,0,0.241666667
2019/10/24 21:35,4,60,0,0,0.591666667
2019/10/24 21:40,7,60,0,0,0.213888889
2019/10/24 21:45,7,60,0,0,0.026388889
2019/10/24 21:50,8,60,0,0,0.117857143
2019/10/24 21:55,5,60,0,0,0.048333333
2019/10/24 22:00,6,60,0,0,0
2019/10/24 22:05,6,60,0,0,0
2019/10/24 22:10,6,60,0,0,0.002777778
2019/10/24 22:15,4,60,0,0,0
2019/10/24 22:20,5,59,1,0,0.008333333
2019/10/24 22:25,5,60,0,0,0
2019/10/24 22:30,5,60,0,0,0
2019/10/24 22:35,5,60,0,0,0.01875
2019/10/24 22:40,6,60,0,0,0.016666667
2019/10/24 22:45,4,60,0,0,0
2019/10/24 22:50,2,60,0,0,0.4125
2019/10/24 22:55,4,60,0,0,0
2019/10/24 23:00,5,60,0,0,0
2019/10/24 23:05,4,60,0,0,0
2019/10/24 23:10,5,60,0,0,0.063333333
2019/10/24 23:15,4,60,0,0,0
2019/10/24 23:20,4,60,0,0,0
2019/10/24 23:25,4,60,0,0,0
2019/10/24 23:30,5,60,0,0,0
2019/10/24 23:35,4,60,0,0,0
2019/10/24 23:40,6,60,0,0,0
2019/10/24 23:45,5,60,0,0,0
2019/10/24 23:50,5,60,0,0,0.015
2019/10/24 23:55,5,25,10,25,0.733333333
2019/10/25 0:00,6,28,23,9,nan
2019/10/25 0:05,1,41,6,13,0.366666667
2019/10/25 0:10,3,8,45,7,0.438888889
2019/10/25 0:15,3,56,0,4,0.066666667
2019/10/25 0:20,4,60,0,0,0.14375
2019/10/25 0:25,1,60,0,0,0.45
2019/10/25 0:30,1,60,0,0,0.275
2019/10/25 0:35,5,60,0,0,0.006666667
2019/10/25 0:40,4,60,0,0,0
2019/10/25 0:45,4,60,0,0,0
2019/10/25 0:50,5,60,0,0,0
2019/10/25 0:55,5,60,0,0,0
2019/10/25 1:00,5,60,0,0,0
2019/10/25 1:05,4,60,0,0,0
2019/10/25 1:10,4,60,0,0,0
2019/10/25 1:15,4,60,0,0,0
2019/10/25 1:20,4,60,0,0,0
2019/10/25 1:25,4,60,0,0,0
2019/10/25 1:30,4,60,0,0,0
2019/10/25 1:35,4,60,0,0,0.00625
2019/10/25 1:40,4,48,0,12,0.2
2019/10/25 1:45,4,60,0,0,0
2019/10/25 1:50,4,60,0,0,0
2019/10/25 1:55,5,60,0,0,0.246666667
2019/10/25 2:00,7,60,0,0,nan
2019/10/25 2:05,7,60,0,0,0
2019/10/25 2:10,6,60,0,0,0
2019/10/25 2:15,4,60,0,0,0
2019/10/25 2:20,5,60,0,0,0
2019/10/25 2:25,5,60,0,0,0
2019/10/25 2:30,5,60,0,0,0
2019/10/25 2:35,4,60,0,0,0
2019/10/25 2:40,4,60,0,0,0
2019/10/25 2:45,4,60,0,0,0
2019/10/25 2:50,4,60,0,0,0
2019/10/25 2:55,4,60,0,0,0
2019/10/25 3:00,4,60,0,0,nan
2019/10/25 3:05,4,60,0,0,0
2019/10/25 3:10,4,23,13,24,0.725
2019/10/25 3:15,4,60,0,0,0
2019/10/25 3:20,4,60,0,0,0
2019/10/25 3:25,4,60,0,0,0
2019/10/25 3:30,4,60,0,0,0
2019/10/25 3:35,4,60,0,0,0
2019/10/25 3:40,8,60,0,0,0.003125
2019/10/25 3:45,8,60,0,0,0
2019/10/25 3:50,7,60,0,0,0
2019/10/25 3:55,6,60,0,0,0
2019/10/25 4:00,8,60,0,0,0
2019/10/25 4:05,7,60,0,0,0
2019/10/25 4:10,5,60,0,0,0
2019/10/25 4:15,5,60,0,0,0.045
2019/10/25 4:20,5,60,0,0,0.003333333
2019/10/25 4:25,7,60,0,0,0
2019/10/25 4:30,7,60,0,0,0
2019/10/25 4:35,5,60,0,0,0
2019/10/25 4:40,4,60,0,0,0
2019/10/25 4:45,5,60,0,0,0
2019/10/25 4:50,5,60,0,0,0
2019/10/25 4:55,5,60,0,0,0.05
2019/10/25 5:00,5,60,0,0,nan
2019/10/25 5:05,5,60,0,0,0.01
2019/10/25 5:10,5,60,0,0,0
2019/10/25 5:15,5,60,0,0,0.018333333
2019/10/25 5:20,4,60,0,0,0.002083333
2019/10/25 5:25,5,60,0,0,0
2019/10/25 5:30,5,60,0,0,0.121666667
2019/10/25 5:35,1,60,0,0,0.816666667
2019/10/25 5:40,5,60,0,0,0.008333333
2019/10/25 5:45,1,60,0,0,0
2019/10/25 5:50,1,60,0,0,0
2019/10/25 5:55,1,60,0,0,0
2019/10/25 6:00,1,60,0,0,0
2019/10/25 6:05,1,60,0,0,0
2019/10/25 6:10,1,13,0,47,1.033333333
2019/10/25 6:15,2,20,25,15,0.516666667
2019/10/25 6:20,7,44,13,3,0.38452381
2019/10/25 6:25,5,0,60,0,0.213333333
2019/10/25 6:30,1,13,47,0,0.025
2019/10/25 6:35,6,37,1,22,0.277777778
2019/10/25 6:40,2,35,25,0,0.166666667
2019/10/25 6:45,5,32,19,9,0.255
2019/10/25 6:50,5,55,5,0,0.431666667
2019/10/25 6:55,5,46,14,0,0.145
2019/10/25 7:00,5,34,7,19,0.34
2019/10/25 7:05,4,36,5,19,0.35625
2019/10/25 7:10,5,57,0,3,0.16
2019/10/25 7:15,5,60,0,0,0.126666667
2019/10/25 7:20,1,60,0,0,0
2019/10/25 7:25,1,57,0,3,0.05
2019/10/25 7:30,1,50,0,10,0.166666667
2019/10/25 7:35,1,60,0,0,0
2019/10/25 7:40,1,60,0,0,0
2019/10/25 7:45,1,60,0,0,0
2019/10/25 7:50,4,50,0,10,0.170833333
2019/10/25 7:55,5,60,0,0,0.13
2019/10/25 8:00,4,60,0,0,nan
2019/10/25 8:05,5,53,7,0,0.108333333
2019/10/25 8:10,5,60,0,0,0.048333333
2019/10/25 8:15,3,60,0,0,0.083333333
2019/10/25 8:20,4,60,0,0,0.197916667
2019/10/25 8:25,9,45,0,15,0.232407407
2019/10/25 8:30,,,,,
2019/10/25 8:35,,,,,
2019/10/25 8:40,,,,,
2019/10/25 8:45,,,,,
2019/10/25 8:50,,,,,
2019/10/25 8:55,,,,,
